TIMESTAMP,NRcor_Wm2_Avg
2022-06-06 18:35:00,-66.59
2022-06-06 18:40:00,-65.76
2022-06-06 18:45:00,-64.32
2022-06-06 18:50:00,-63.04
2022-06-06 18:55:00,-63.71
2022-06-06 19:00:00,-63.67
2022-06-06 19:05:00,-63.82
2022-06-06 19:10:00,-68.59
2022-06-06 19:15:00,-63.04
2022-06-06 19:20:00,-65.07
2022-06-06 19:25:00,-63.54
2022-06-06 19:30:00,-63.3
2022-06-06 19:35:00,-63.48
2022-06-06 19:40:00,-63.63
2022-06-06 19:45:00,-63.21
2022-06-06 19:50:00,-62.24
2022-06-06 19:55:00,-63.42
2022-06-06 20:00:00,-59.89
2022-06-06 20:05:00,-62.27
2022-06-06 20:10:00,-61.6
2022-06-06 20:15:00,-62.11
2022-06-06 20:20:00,-62.97
2022-06-06 20:25:00,-62.38
2022-06-06 20:30:00,-63.65
2022-06-06 20:35:00,-61.58
2022-06-06 20:40:00,-63.88
2022-06-06 20:45:00,-62.82
2022-06-06 20:50:00,-62.54
2022-06-06 20:55:00,-59.64
2022-06-06 21:00:00,-57.79
2022-06-06 21:05:00,-51.84
2022-06-06 21:10:00,-45.81
2022-06-06 21:15:00,-42.04
2022-06-06 21:20:00,-47.03
2022-06-06 21:25:00,-53.04
2022-06-06 21:30:00,-59.27
2022-06-06 21:35:00,-61.06
2022-06-06 21:40:00,-61.13
2022-06-06 21:45:00,-60.96
2022-06-06 21:50:00,-61.34
2022-06-06 21:55:00,-60.54
2022-06-06 22:00:00,-61.3
2022-06-06 22:05:00,-62.2
2022-06-06 22:10:00,-62.5
2022-06-06 22:15:00,-60.92
2022-06-06 22:20:00,-59.58
2022-06-06 22:25:00,-62.27
2022-06-06 22:30:00,-60.97
2022-06-06 22:35:00,-62.69
2022-06-06 22:40:00,-60.97
2022-06-06 22:45:00,-61.07
2022-06-06 22:50:00,-60.6
2022-06-06 22:55:00,-63.33
2022-06-06 23:00:00,-62.63
2022-06-06 23:05:00,-63.82
2022-06-06 23:10:00,-62.13
2022-06-06 23:15:00,-64.47
2022-06-06 23:20:00,-63.07
2022-06-06 23:25:00,-63.81
2022-06-06 23:30:00,-62.82
2022-06-06 23:35:00,-61.68
2022-06-06 23:40:00,-60.44
2022-06-06 23:45:00,-60.84
2022-06-06 23:50:00,-61.43
2022-06-06 23:55:00,-61.98
2022-06-07 00:00:00,-62.68
2022-06-07 00:05:00,-63.41
2022-06-07 00:10:00,-63.86
2022-06-07 00:15:00,-63.22
2022-06-07 00:20:00,-62.76
2022-06-07 00:25:00,-61.28
2022-06-07 00:30:00,-64.18
2022-06-07 00:35:00,-62.96
2022-06-07 00:40:00,-61.44
2022-06-07 00:45:00,-63.27
2022-06-07 00:50:00,-64.21
2022-06-07 00:55:00,-65.38
2022-06-07 01:00:00,-64.4
2022-06-07 01:05:00,-65.1
2022-06-07 01:10:00,-63.97
2022-06-07 01:15:00,-65.1
2022-06-07 01:20:00,-64.85
2022-06-07 01:25:00,-64.99
2022-06-07 01:30:00,-65.03
2022-06-07 01:35:00,-64.42
2022-06-07 01:40:00,-65.85
2022-06-07 01:45:00,-66.33
2022-06-07 01:50:00,-65.62
2022-06-07 01:55:00,-65.67
2022-06-07 02:00:00,-65.08
2022-06-07 02:05:00,-66.28
2022-06-07 02:10:00,-65.58
2022-06-07 02:15:00,-68.31
2022-06-07 02:20:00,-68.75
2022-06-07 02:25:00,-69.37
2022-06-07 02:30:00,-66.74
2022-06-07 02:35:00,-66.79
2022-06-07 02:40:00,-68.81
2022-06-07 02:45:00,-68.43
2022-06-07 02:50:00,-68.37
2022-06-07 02:55:00,-67.58
2022-06-07 03:00:00,-67.18
2022-06-07 03:05:00,-66.76
2022-06-07 03:10:00,-66.6
2022-06-07 03:15:00,-66.87
2022-06-07 03:20:00,-68.03
2022-06-07 03:25:00,-66.12
2022-06-07 03:30:00,-68.93
2022-06-07 03:35:00,-65.77
2022-06-07 03:40:00,-67.19
2022-06-07 03:45:00,-68.13
2022-06-07 03:50:00,-67.01
2022-06-07 03:55:00,-65.73
2022-06-07 04:00:00,-65.69
2022-06-07 04:05:00,-65.75
2022-06-07 04:10:00,-63.94
2022-06-07 04:15:00,-63.61
2022-06-07 04:20:00,-65.5
2022-06-07 04:25:00,-67.49
2022-06-07 04:30:00,-66.36
2022-06-07 04:35:00,-63.45
2022-06-07 04:40:00,-64.29
2022-06-07 04:45:00,-64.16
2022-06-07 04:50:00,-61.37
2022-06-07 04:55:00,-62.07
2022-06-07 05:00:00,-63.9
2022-06-07 05:05:00,-62.38
2022-06-07 05:10:00,-64.33
2022-06-07 05:15:00,-63.44
2022-06-07 05:20:00,-65.94
2022-06-07 05:25:00,-62.21
2022-06-07 05:30:00,-57.78
2022-06-07 05:35:00,-63.65
2022-06-07 05:40:00,-63.64
2022-06-07 05:45:00,-68.42
2022-06-07 05:50:00,-67.81
2022-06-07 05:55:00,-67.62
2022-06-07 06:00:00,-66.12
2022-06-07 06:05:00,-62.55
2022-06-07 06:10:00,-62.58
2022-06-07 06:15:00,-59.25
2022-06-07 06:20:00,-53.42
2022-06-07 06:25:00,-45.1
2022-06-07 06:30:00,-39.75
2022-06-07 06:35:00,-33.12
2022-06-07 06:40:00,-31.22
2022-06-07 06:45:00,-13.03
2022-06-07 06:50:00,-10.33
2022-06-07 06:55:00,9.27
2022-06-07 07:00:00,22.59
2022-06-07 07:05:00,39.93
2022-06-07 07:10:00,49.03
2022-06-07 07:15:00,76.2
2022-06-07 07:20:00,82.3
2022-06-07 07:25:00,95.1
2022-06-07 07:30:00,120.8
2022-06-07 07:35:00,123.9
2022-06-07 07:40:00,110.0
2022-06-07 07:45:00,132.5
2022-06-07 07:50:00,173.5
2022-06-07 07:55:00,189.5
2022-06-07 08:00:00,149.1
2022-06-07 08:05:00,126.5
2022-06-07 08:10:00,173.5
2022-06-07 08:15:00,192.7
2022-06-07 08:20:00,224.7
2022-06-07 08:25:00,230.3
2022-06-07 08:30:00,202.1
2022-06-07 08:35:00,249.2
2022-06-07 08:40:00,273.9
2022-06-07 08:45:00,312.3
2022-06-07 08:50:00,304.5
2022-06-07 08:55:00,308.6
2022-06-07 09:00:00,334.6
2022-06-07 09:05:00,393.4
2022-06-07 09:10:00,347.3
2022-06-07 09:15:00,357.8
2022-06-07 09:20:00,354.0
2022-06-07 09:25:00,379.6
2022-06-07 09:30:00,415.4
2022-06-07 09:35:00,457.1
2022-06-07 09:40:00,434.5
2022-06-07 09:45:00,427.4
2022-06-07 09:50:00,458.4
2022-06-07 09:55:00,476.7
2022-06-07 10:00:00,484.2
2022-06-07 10:05:00,471.0
2022-06-07 10:10:00,521.9
2022-06-07 10:15:00,517.8
2022-06-07 10:20:00,488.3
2022-06-07 10:25:00,483.7
2022-06-07 10:30:00,466.3
2022-06-07 10:35:00,506.7
2022-06-07 10:40:00,511.0
2022-06-07 10:45:00,553.4
2022-06-07 10:50:00,545.9
2022-06-07 10:55:00,565.9
2022-06-07 11:00:00,564.6
2022-06-07 11:05:00,592.8
2022-06-07 11:10:00,546.9
2022-06-07 11:15:00,565.5
2022-06-07 11:20:00,572.9
2022-06-07 11:25:00,566.2
2022-06-07 11:30:00,570.7
2022-06-07 11:35:00,555.9
2022-06-07 11:40:00,578.5
2022-06-07 11:45:00,560.4
2022-06-07 11:50:00,554.8
2022-06-07 11:55:00,570.7
2022-06-07 12:00:00,535.9
2022-06-07 12:05:00,577.9
2022-06-07 12:10:00,557.5
2022-06-07 12:15:00,569.5
2022-06-07 12:20:00,534.7
2022-06-07 12:25:00,529.1
2022-06-07 12:30:00,535.3
2022-06-07 12:35:00,529.4
2022-06-07 12:40:00,513.5
2022-06-07 12:45:00,514.2
2022-06-07 12:50:00,504.4
2022-06-07 12:55:00,496.0
2022-06-07 13:00:00,470.2
2022-06-07 13:05:00,480.5
2022-06-07 13:10:00,499.7
2022-06-07 13:15:00,490.5
2022-06-07 13:20:00,454.3
2022-06-07 13:25:00,439.9
2022-06-07 13:30:00,440.3
2022-06-07 13:35:00,410.1
2022-06-07 13:40:00,391.6
2022-06-07 13:45:00,410.4
2022-06-07 13:50:00,344.9
2022-06-07 13:55:00,371.5
2022-06-07 14:00:00,374.5
2022-06-07 14:05:00,114.5
2022-06-07 14:10:00,175.6
2022-06-07 14:15:00,111.2
2022-06-07 14:20:00,145.6
2022-06-07 14:25:00,337.8
2022-06-07 14:30:00,320.0
2022-06-07 14:35:00,292.5
2022-06-07 14:40:00,287.7
2022-06-07 14:45:00,287.3
2022-06-07 14:50:00,259.3
2022-06-07 14:55:00,254.3
2022-06-07 15:00:00,234.9
2022-06-07 15:05:00,214.7
2022-06-07 15:10:00,198.4
2022-06-07 15:15:00,177.1
2022-06-07 15:20:00,164.7
2022-06-07 15:25:00,148.9
2022-06-07 15:30:00,130.1
2022-06-07 15:35:00,117.5
2022-06-07 15:40:00,104.7
2022-06-07 15:45:00,91.5
2022-06-07 15:50:00,72.09
2022-06-07 15:55:00,65.37
2022-06-07 16:00:00,24.46
2022-06-07 16:05:00,22.03
2022-06-07 16:10:00,29.6
2022-06-07 16:15:00,13.32
2022-06-07 16:20:00,8.37
2022-06-07 16:25:00,-0.974
2022-06-07 16:30:00,-11.73
2022-06-07 16:35:00,-21.57
2022-06-07 16:40:00,-32.15
2022-06-07 16:45:00,-44.66
2022-06-07 16:50:00,-50.77
2022-06-07 16:55:00,-57.65
2022-06-07 17:00:00,-63.24
2022-06-07 17:05:00,-67.29
2022-06-07 17:10:00,-71.68
2022-06-07 17:15:00,-70.76
2022-06-07 17:20:00,-71.62
2022-06-07 17:25:00,-72.4
2022-06-07 17:30:00,-70.43
2022-06-07 17:35:00,-70.72
2022-06-07 17:40:00,-70.12
2022-06-07 17:45:00,-72.28
2022-06-07 17:50:00,-69.88
2022-06-07 17:55:00,-68.22
2022-06-07 18:00:00,-66.74
2022-06-07 18:05:00,-66.77
2022-06-07 18:10:00,-65.68
2022-06-07 18:15:00,-65.66
2022-06-07 18:20:00,-65.26
2022-06-07 18:25:00,-64.43
2022-06-07 18:30:00,-63.82
2022-06-07 18:35:00,-64.76
2022-06-07 18:40:00,-64.93
2022-06-07 18:45:00,-65.12
2022-06-07 18:50:00,-63.84
2022-06-07 18:55:00,-64.97
2022-06-07 19:00:00,-64.65
2022-06-07 19:05:00,-63.06
2022-06-07 19:10:00,-63.96
2022-06-07 19:15:00,-63.81
2022-06-07 19:20:00,-61.92
2022-06-07 19:25:00,-60.92
2022-06-07 19:30:00,-60.87
2022-06-07 19:35:00,-60.12
2022-06-07 19:40:00,-60.48
2022-06-07 19:45:00,-61.13
2022-06-07 19:50:00,-59.66
2022-06-07 19:55:00,-62.33
2022-06-07 20:00:00,-61.66
2022-06-07 20:05:00,-61.6
2022-06-07 20:10:00,-60.32
2022-06-07 20:15:00,-60.14
2022-06-07 20:20:00,-58.26
2022-06-07 20:25:00,-58.22
2022-06-07 20:30:00,-58.47
2022-06-07 20:35:00,-58.29
2022-06-07 20:40:00,-59.57
2022-06-07 20:45:00,-58.85
2022-06-07 20:50:00,-57.99
2022-06-07 20:55:00,-59.07
2022-06-07 21:00:00,-59.46
2022-06-07 21:05:00,-57.89
2022-06-07 21:10:00,-58.42
2022-06-07 21:15:00,-58.64
2022-06-07 21:20:00,-57.82
2022-06-07 21:25:00,-60.76
2022-06-07 21:30:00,-59.15
2022-06-07 21:35:00,-59.25
2022-06-07 21:40:00,-58.9
2022-06-07 21:45:00,-59.29
2022-06-07 21:50:00,-59.11
2022-06-07 21:55:00,-58.69
2022-06-07 22:00:00,-57.87
2022-06-07 22:05:00,-58.6
2022-06-07 22:10:00,-58.2
2022-06-07 22:15:00,-59.34
2022-06-07 22:20:00,-59.07
2022-06-07 22:25:00,-60.29
2022-06-07 22:30:00,-58.94
2022-06-07 22:35:00,-59.76
2022-06-07 22:40:00,-59.07
2022-06-07 22:45:00,-59.22
2022-06-07 22:50:00,-58.98
2022-06-07 22:55:00,-59.83
2022-06-07 23:00:00,-59.99
2022-06-07 23:05:00,-60.67
2022-06-07 23:10:00,-60.4
2022-06-07 23:15:00,-59.91
2022-06-07 23:20:00,-58.61
2022-06-07 23:25:00,-59.99
2022-06-07 23:30:00,-58.3
2022-06-07 23:35:00,-59.71
2022-06-07 23:40:00,-59.07
2022-06-07 23:45:00,-57.97
2022-06-07 23:50:00,-56.51
2022-06-07 23:55:00,-57.45
2022-06-08 00:00:00,-57.83
2022-06-08 00:05:00,-57.88
2022-06-08 00:10:00,-57.09
2022-06-08 00:15:00,-57.72
2022-06-08 00:20:00,-58.05
2022-06-08 00:25:00,-60.58
2022-06-08 00:30:00,-57.49
2022-06-08 00:35:00,-56.76
2022-06-08 00:40:00,-56.53
2022-06-08 00:45:00,-56.49
2022-06-08 00:50:00,-55.37
2022-06-08 00:55:00,-55.31
2022-06-08 01:00:00,-55.91
2022-06-08 01:05:00,-57.12
2022-06-08 01:10:00,-56.29
2022-06-08 01:15:00,-55.1
2022-06-08 01:20:00,-55.79
2022-06-08 01:25:00,-55.73
2022-06-08 01:30:00,-55.13
2022-06-08 01:35:00,-54.82
2022-06-08 01:40:00,-55.94
2022-06-08 01:45:00,-53.36
2022-06-08 01:50:00,-54.56
2022-06-08 01:55:00,-57.13
2022-06-08 02:00:00,-57.54
2022-06-08 02:05:00,-56.18
2022-06-08 02:10:00,-55.24
2022-06-08 02:15:00,-55.53
2022-06-08 02:20:00,-56.38
2022-06-08 02:25:00,-55.71
2022-06-08 02:30:00,-56.41
2022-06-08 02:35:00,-56.76
2022-06-08 02:40:00,-56.38
2022-06-08 02:45:00,-58.32
2022-06-08 02:50:00,-56.76
2022-06-08 02:55:00,-56.02
2022-06-08 03:00:00,-56.89
2022-06-08 03:05:00,-56.33
2022-06-08 03:10:00,-56.99
2022-06-08 03:15:00,-55.99
2022-06-08 03:20:00,-55.63
2022-06-08 03:25:00,-57.04
2022-06-08 03:30:00,-56.09
2022-06-08 03:35:00,-60.47
2022-06-08 03:40:00,-58.51
2022-06-08 03:45:00,-58.79
2022-06-08 03:50:00,-57.47
2022-06-08 03:55:00,-58.89
2022-06-08 04:00:00,-56.37
2022-06-08 04:05:00,-60.05
2022-06-08 04:10:00,-59.87
2022-06-08 04:15:00,-60.88
2022-06-08 04:20:00,-59.05
2022-06-08 04:25:00,-58.6
2022-06-08 04:30:00,-60.85
2022-06-08 04:35:00,-61.43
2022-06-08 04:40:00,-59.63
2022-06-08 04:45:00,-58.45
2022-06-08 04:50:00,-56.25
2022-06-08 04:55:00,-55.91
2022-06-08 05:00:00,-54.91
2022-06-08 05:05:00,-53.49
2022-06-08 05:10:00,-55.18
2022-06-08 05:15:00,-53.96
2022-06-08 05:20:00,-52.73
2022-06-08 05:25:00,-51.5
2022-06-08 05:30:00,-54.07
2022-06-08 05:35:00,-55.18
2022-06-08 05:40:00,-56.04
2022-06-08 05:45:00,-57.12
2022-06-08 05:50:00,-57.16
2022-06-08 05:55:00,-57.16
2022-06-08 06:00:00,-57.0
2022-06-08 06:05:00,-53.12
2022-06-08 06:10:00,-53.46
2022-06-08 06:15:00,-52.92
2022-06-08 06:20:00,-47.93
2022-06-08 06:25:00,-42.45
2022-06-08 06:30:00,-36.72
2022-06-08 06:35:00,-26.97
2022-06-08 06:40:00,-15.82
2022-06-08 06:45:00,-3.724
2022-06-08 06:50:00,6.386
2022-06-08 06:55:00,17.21
2022-06-08 07:00:00,28.65
2022-06-08 07:05:00,40.19
2022-06-08 07:10:00,54.24
2022-06-08 07:15:00,66.94
2022-06-08 07:20:00,81.2
2022-06-08 07:25:00,95.0
2022-06-08 07:30:00,108.9
2022-06-08 07:35:00,119.3
2022-06-08 07:40:00,135.3
2022-06-08 07:45:00,151.8
2022-06-08 07:50:00,167.5
2022-06-08 07:55:00,181.2
2022-06-08 08:00:00,195.2
2022-06-08 08:05:00,217.1
2022-06-08 08:10:00,238.5
2022-06-08 08:15:00,235.7
2022-06-08 08:20:00,255.0
2022-06-08 08:25:00,269.3
2022-06-08 08:30:00,286.0
2022-06-08 08:35:00,292.7
2022-06-08 08:40:00,301.7
2022-06-08 08:45:00,314.9
2022-06-08 08:50:00,328.6
2022-06-08 08:55:00,338.4
2022-06-08 09:00:00,348.0
2022-06-08 09:05:00,358.5
2022-06-08 09:10:00,373.2
2022-06-08 09:15:00,393.3
2022-06-08 09:20:00,404.8
2022-06-08 09:25:00,410.2
2022-06-08 09:30:00,419.2
2022-06-08 09:35:00,426.6
2022-06-08 09:40:00,442.6
2022-06-08 09:45:00,446.9
2022-06-08 09:50:00,461.8
2022-06-08 09:55:00,460.9
2022-06-08 10:00:00,472.5
2022-06-08 10:05:00,481.0
2022-06-08 10:10:00,487.4
2022-06-08 10:15:00,496.5
2022-06-08 10:20:00,500.4
2022-06-08 10:25:00,511.2
2022-06-08 10:30:00,517.3
2022-06-08 10:35:00,514.3
2022-06-08 10:40:00,521.9
2022-06-08 10:45:00,530.1
2022-06-08 10:50:00,530.6
2022-06-08 10:55:00,532.4
2022-06-08 11:00:00,519.1
2022-06-08 11:05:00,530.6
2022-06-08 11:10:00,546.0
2022-06-08 11:15:00,538.0
2022-06-08 11:20:00,538.3
2022-06-08 11:25:00,537.7
2022-06-08 11:30:00,546.9
2022-06-08 11:35:00,550.7
2022-06-08 11:40:00,549.0
2022-06-08 11:45:00,547.0
2022-06-08 11:50:00,543.7
2022-06-08 11:55:00,543.3
2022-06-08 12:00:00,539.8
2022-06-08 12:05:00,531.1
2022-06-08 12:10:00,529.9
2022-06-08 12:15:00,533.2
2022-06-08 12:20:00,529.7
2022-06-08 12:25:00,519.9
2022-06-08 12:30:00,514.8
2022-06-08 12:35:00,509.6
2022-06-08 12:40:00,502.4
2022-06-08 12:45:00,503.2
2022-06-08 12:50:00,483.0
2022-06-08 12:55:00,479.0
2022-06-08 13:00:00,470.7
2022-06-08 13:05:00,468.1
2022-06-08 13:10:00,462.3
2022-06-08 13:15:00,458.8
2022-06-08 13:20:00,451.2
2022-06-08 13:25:00,438.4
2022-06-08 13:30:00,415.8
2022-06-08 13:35:00,392.8
2022-06-08 13:40:00,382.0
2022-06-08 13:45:00,377.7
2022-06-08 13:50:00,375.7
2022-06-08 13:55:00,367.6
2022-06-08 14:00:00,367.0
2022-06-08 14:05:00,354.5
2022-06-08 14:10:00,339.5
2022-06-08 14:15:00,330.1
2022-06-08 14:20:00,316.5
2022-06-08 14:25:00,310.8
2022-06-08 14:30:00,298.8
2022-06-08 14:35:00,286.4
2022-06-08 14:40:00,277.0
2022-06-08 14:45:00,260.3
2022-06-08 14:50:00,246.5
2022-06-08 14:55:00,232.9
2022-06-08 15:00:00,223.7
2022-06-08 15:05:00,210.4
2022-06-08 15:10:00,195.0
2022-06-08 15:15:00,182.5
2022-06-08 15:20:00,177.5
2022-06-08 15:25:00,154.0
2022-06-08 15:30:00,150.9
2022-06-08 15:35:00,120.8
2022-06-08 15:40:00,106.9
2022-06-08 15:45:00,91.9
2022-06-08 15:50:00,80.1
2022-06-08 15:55:00,63.1
2022-06-08 16:00:00,50.02
2022-06-08 16:05:00,40.76
2022-06-08 16:10:00,25.47
2022-06-08 16:15:00,12.28
2022-06-08 16:20:00,2.889
2022-06-08 16:25:00,-5.816
2022-06-08 16:30:00,-15.5
2022-06-08 16:35:00,-23.74
2022-06-08 16:40:00,-33.27
2022-06-08 16:45:00,-41.83
2022-06-08 16:50:00,-48.31
2022-06-08 16:55:00,-54.62
2022-06-08 17:00:00,-59.14
2022-06-08 17:05:00,-60.65
2022-06-08 17:10:00,-62.24
2022-06-08 17:15:00,-64.83
2022-06-08 17:20:00,-66.18
2022-06-08 17:25:00,-64.68
2022-06-08 17:30:00,-63.86
2022-06-08 17:35:00,-64.5
2022-06-08 17:40:00,-62.64
2022-06-08 17:45:00,-61.56
2022-06-08 17:50:00,-60.76
2022-06-08 17:55:00,-59.07
2022-06-08 18:00:00,-60.23
2022-06-08 18:05:00,-58.37
2022-06-08 18:10:00,-59.16
2022-06-08 18:15:00,-58.25
2022-06-08 18:20:00,-58.46
2022-06-08 18:25:00,-58.43
2022-06-08 18:30:00,-57.61
2022-06-08 18:35:00,-57.62
2022-06-08 18:40:00,-56.66
2022-06-08 18:45:00,-55.05
2022-06-08 18:50:00,-54.94
2022-06-08 18:55:00,-53.02
2022-06-08 19:00:00,-56.24
2022-06-08 19:05:00,-54.47
2022-06-08 19:10:00,-54.74
2022-06-08 19:15:00,-53.01
2022-06-08 19:20:00,-52.78
2022-06-08 19:25:00,-52.81
2022-06-08 19:30:00,-53.17
2022-06-08 19:35:00,-52.78
2022-06-08 19:40:00,-52.52
2022-06-08 19:45:00,-50.99
2022-06-08 19:50:00,-52.24
2022-06-08 19:55:00,-52.36
2022-06-08 20:00:00,-53.68
2022-06-08 20:05:00,-54.8
2022-06-08 20:10:00,-53.95
2022-06-08 20:15:00,-53.36
2022-06-08 20:20:00,-51.81
2022-06-08 20:25:00,-53.25
2022-06-08 20:30:00,-52.29
2022-06-08 20:35:00,-52.52
2022-06-08 20:40:00,-53.72
2022-06-08 20:45:00,-54.31
2022-06-08 20:50:00,-54.22
2022-06-08 20:55:00,-52.8
2022-06-08 21:00:00,-52.33
2022-06-08 21:05:00,-52.64
2022-06-08 21:10:00,-53.39
2022-06-08 21:15:00,-53.61
2022-06-08 21:20:00,-51.46
2022-06-08 21:25:00,-54.71
2022-06-08 21:30:00,-54.84
2022-06-08 21:35:00,-54.53
2022-06-08 21:40:00,-55.28
2022-06-08 21:45:00,-55.57
2022-06-08 21:50:00,-54.59
2022-06-08 21:55:00,-50.34
2022-06-08 22:00:00,-42.58
2022-06-08 22:05:00,-47.41
2022-06-08 22:10:00,-51.4
2022-06-08 22:15:00,-52.84
2022-06-08 22:20:00,-51.72
2022-06-08 22:25:00,-51.07
2022-06-08 22:30:00,-51.69
2022-06-08 22:35:00,-51.98
2022-06-08 22:40:00,-51.17
2022-06-08 22:45:00,-52.68
2022-06-08 22:50:00,-53.17
2022-06-08 22:55:00,-50.48
2022-06-08 23:00:00,-50.79
2022-06-08 23:05:00,-51.0
2022-06-08 23:10:00,-50.95
2022-06-08 23:15:00,-51.61
2022-06-08 23:20:00,-51.17
2022-06-08 23:25:00,-51.03
2022-06-08 23:30:00,-51.01
2022-06-08 23:35:00,-50.78
2022-06-08 23:40:00,-50.45
2022-06-08 23:45:00,-51.52
2022-06-08 23:50:00,-51.07
2022-06-08 23:55:00,-52.05
2022-06-09 00:00:00,-52.69
2022-06-09 00:05:00,-54.0
2022-06-09 00:10:00,-50.92
2022-06-09 00:15:00,-49.99
2022-06-09 00:20:00,-41.63
2022-06-09 00:25:00,-46.47
2022-06-09 00:30:00,-50.34
2022-06-09 00:35:00,-49.5
2022-06-09 00:40:00,-50.03
2022-06-09 00:45:00,-49.33
2022-06-09 00:50:00,-50.09
2022-06-09 00:55:00,-50.07
2022-06-09 01:00:00,-50.26
2022-06-09 01:05:00,-49.3
2022-06-09 01:10:00,-48.18
2022-06-09 01:15:00,-47.63
2022-06-09 01:20:00,-48.35
2022-06-09 01:25:00,-48.4
2022-06-09 01:30:00,-49.21
2022-06-09 01:35:00,-49.18
2022-06-09 01:40:00,-48.32
2022-06-09 01:45:00,-47.86
2022-06-09 01:50:00,-49.37
2022-06-09 01:55:00,-47.53
2022-06-09 02:00:00,-51.2
2022-06-09 02:05:00,-48.03
2022-06-09 02:10:00,-47.52
2022-06-09 02:15:00,-47.64
2022-06-09 02:20:00,-48.6
2022-06-09 02:25:00,-50.14
2022-06-09 02:30:00,-50.02
2022-06-09 02:35:00,-48.14
2022-06-09 02:40:00,-48.96
2022-06-09 02:45:00,-49.66
2022-06-09 02:50:00,-47.7
2022-06-09 02:55:00,-48.61
2022-06-09 03:00:00,-50.27
2022-06-09 03:05:00,-48.65
2022-06-09 03:10:00,-46.28
2022-06-09 03:15:00,-41.89
2022-06-09 03:20:00,-42.8
2022-06-09 03:25:00,-42.79
2022-06-09 03:30:00,-47.65
2022-06-09 03:35:00,-49.25
2022-06-09 03:40:00,-51.84
2022-06-09 03:45:00,-52.26
2022-06-09 03:50:00,-51.59
2022-06-09 03:55:00,-51.6
2022-06-09 04:00:00,-50.7
2022-06-09 04:05:00,-49.02
2022-06-09 04:10:00,-49.39
2022-06-09 04:15:00,-49.4
2022-06-09 04:20:00,-49.7
2022-06-09 04:25:00,-48.85
2022-06-09 04:30:00,-47.71
2022-06-09 04:35:00,-47.37
2022-06-09 04:40:00,-47.75
2022-06-09 04:45:00,-48.25
2022-06-09 04:50:00,-47.33
2022-06-09 04:55:00,-47.68
2022-06-09 05:00:00,-48.31
2022-06-09 05:05:00,-48.26
2022-06-09 05:10:00,-49.19
2022-06-09 05:15:00,-48.31
2022-06-09 05:20:00,-48.13
2022-06-09 05:25:00,-47.76
2022-06-09 05:30:00,-48.24
2022-06-09 05:35:00,-47.81
2022-06-09 05:40:00,-46.76
2022-06-09 05:45:00,-47.51
2022-06-09 05:50:00,-46.71
2022-06-09 05:55:00,-46.67
2022-06-09 06:00:00,-46.06
2022-06-09 06:05:00,-44.9
2022-06-09 06:10:00,-44.07
2022-06-09 06:15:00,-42.78
2022-06-09 06:20:00,-38.91
2022-06-09 06:25:00,-35.44
2022-06-09 06:30:00,-31.88
2022-06-09 06:35:00,-27.33
2022-06-09 06:40:00,-23.85
2022-06-09 06:45:00,-13.11
2022-06-09 06:50:00,1.335
2022-06-09 06:55:00,1.72
2022-06-09 07:00:00,16.07
2022-06-09 07:05:00,11.33
2022-06-09 07:10:00,34.58
2022-06-09 07:15:00,60.82
2022-06-09 07:20:00,65.73
2022-06-09 07:25:00,82.3
2022-06-09 07:30:00,98.2
2022-06-09 07:35:00,114.2
2022-06-09 07:40:00,129.8
2022-06-09 07:45:00,144.6
2022-06-09 07:50:00,159.1
2022-06-09 07:55:00,169.8
2022-06-09 08:00:00,186.9
2022-06-09 08:05:00,203.3
2022-06-09 08:10:00,214.6
2022-06-09 08:15:00,236.0
2022-06-09 08:20:00,243.8
2022-06-09 08:25:00,256.7
2022-06-09 08:30:00,268.3
2022-06-09 08:35:00,282.8
2022-06-09 08:40:00,297.1
2022-06-09 08:45:00,304.9
2022-06-09 08:50:00,316.4
2022-06-09 08:55:00,335.6
2022-06-09 09:00:00,337.4
2022-06-09 09:05:00,364.7
2022-06-09 09:10:00,369.9
2022-06-09 09:15:00,379.1
2022-06-09 09:20:00,378.3
2022-06-09 09:25:00,390.0
2022-06-09 09:30:00,412.2
2022-06-09 09:35:00,414.7
2022-06-09 09:40:00,420.0
2022-06-09 09:45:00,431.2
2022-06-09 09:50:00,449.3
2022-06-09 09:55:00,464.6
2022-06-09 10:00:00,470.7
2022-06-09 10:05:00,468.8
2022-06-09 10:10:00,482.2
2022-06-09 10:15:00,479.0
2022-06-09 10:20:00,494.4
2022-06-09 10:25:00,492.5
2022-06-09 10:30:00,493.6
2022-06-09 10:35:00,511.5
2022-06-09 10:40:00,524.9
2022-06-09 10:45:00,512.2
2022-06-09 10:50:00,517.7
2022-06-09 10:55:00,521.0
2022-06-09 11:00:00,531.0
2022-06-09 11:05:00,532.2
2022-06-09 11:10:00,523.5
2022-06-09 11:15:00,531.4
2022-06-09 11:20:00,526.6
2022-06-09 11:25:00,527.7
2022-06-09 11:30:00,532.9
2022-06-09 11:35:00,526.7
2022-06-09 11:40:00,529.6
2022-06-09 11:45:00,521.8
2022-06-09 11:50:00,525.4
2022-06-09 11:55:00,525.1
2022-06-09 12:00:00,516.9
2022-06-09 12:05:00,530.3
2022-06-09 12:10:00,547.4
2022-06-09 12:15:00,473.8
2022-06-09 12:20:00,262.8
2022-06-09 12:25:00,475.3
2022-06-09 12:30:00,505.9
2022-06-09 12:35:00,501.2
2022-06-09 12:40:00,496.5
2022-06-09 12:45:00,479.8
2022-06-09 12:50:00,479.6
2022-06-09 12:55:00,466.6
2022-06-09 13:00:00,459.9
2022-06-09 13:05:00,459.5
2022-06-09 13:10:00,452.1
2022-06-09 13:15:00,457.2
2022-06-09 13:20:00,451.8
2022-06-09 13:25:00,351.6
2022-06-09 13:30:00,313.8
2022-06-09 13:35:00,307.0
2022-06-09 13:40:00,301.8
2022-06-09 13:45:00,400.6
2022-06-09 13:50:00,399.8
2022-06-09 13:55:00,448.3
2022-06-09 14:00:00,408.5
2022-06-09 14:05:00,261.6
2022-06-09 14:10:00,442.1
2022-06-09 14:15:00,319.4
2022-06-09 14:20:00,277.4
2022-06-09 14:25:00,405.5
2022-06-09 14:30:00,376.1
2022-06-09 14:35:00,277.9
2022-06-09 14:40:00,294.4
2022-06-09 14:45:00,218.0
2022-06-09 14:50:00,173.8
2022-06-09 14:55:00,294.5
2022-06-09 15:00:00,264.0
2022-06-09 15:05:00,232.7
2022-06-09 15:10:00,222.4
2022-06-09 15:15:00,212.8
2022-06-09 15:20:00,111.5
2022-06-09 15:25:00,155.1
2022-06-09 15:30:00,75.46
2022-06-09 15:35:00,81.1
2022-06-09 15:40:00,73.19
2022-06-09 15:45:00,30.17
2022-06-09 15:50:00,22.11
2022-06-09 15:55:00,54.28
2022-06-09 16:00:00,70.52
2022-06-09 16:05:00,64.49
2022-06-09 16:10:00,47.5
2022-06-09 16:15:00,28.04
2022-06-09 16:20:00,16.15
2022-06-09 16:25:00,1.19
2022-06-09 16:30:00,-11.35
2022-06-09 16:35:00,-19.37
2022-06-09 16:40:00,-30.18
2022-06-09 16:45:00,-40.57
2022-06-09 16:50:00,-45.49
2022-06-09 16:55:00,-49.73
2022-06-09 17:00:00,-52.86
2022-06-09 17:05:00,-55.36
2022-06-09 17:10:00,-57.54
2022-06-09 17:15:00,-59.85
2022-06-09 17:20:00,-59.53
2022-06-09 17:25:00,-59.4
2022-06-09 17:30:00,-60.01
2022-06-09 17:35:00,-59.69
2022-06-09 17:40:00,-58.85
2022-06-09 17:45:00,-56.11
2022-06-09 17:50:00,-54.32
2022-06-09 17:55:00,-57.47
2022-06-09 18:00:00,-56.56
2022-06-09 18:05:00,-51.76
2022-06-09 18:10:00,-49.94
2022-06-09 18:15:00,-45.72
2022-06-09 18:20:00,-51.22
2022-06-09 18:25:00,-55.67
2022-06-09 18:30:00,-57.43
2022-06-09 18:35:00,-57.1
2022-06-09 18:40:00,-56.29
2022-06-09 18:45:00,-54.81
2022-06-09 18:50:00,-53.17
2022-06-09 18:55:00,-54.14
2022-06-09 19:00:00,-52.8
2022-06-09 19:05:00,-51.43
2022-06-09 19:10:00,-51.94
2022-06-09 19:15:00,-51.99
2022-06-09 19:20:00,-52.94
2022-06-09 19:25:00,-50.66
2022-06-09 19:30:00,-51.66
2022-06-09 19:35:00,-52.24
2022-06-09 19:40:00,-51.52
2022-06-09 19:45:00,-50.67
2022-06-09 19:50:00,-50.95
2022-06-09 19:55:00,-51.0
2022-06-09 20:00:00,-51.12
2022-06-09 20:05:00,-49.59
2022-06-09 20:10:00,-51.14
2022-06-09 20:15:00,-52.79
2022-06-09 20:20:00,-52.12
2022-06-09 20:25:00,-50.88
2022-06-09 20:30:00,-51.26
2022-06-09 20:35:00,-51.6
2022-06-09 20:40:00,-49.38
2022-06-09 20:45:00,-45.97
2022-06-09 20:50:00,-45.87
2022-06-09 20:55:00,-45.07
2022-06-09 21:00:00,-44.83
2022-06-09 21:05:00,-45.41
2022-06-09 21:10:00,-43.46
2022-06-09 21:15:00,-40.41
2022-06-09 21:20:00,-40.17
2022-06-09 21:25:00,-40.79
2022-06-09 21:30:00,-42.92
2022-06-09 21:35:00,-43.85
2022-06-09 21:40:00,-43.5
2022-06-09 21:45:00,-45.35
2022-06-09 21:50:00,-46.51
2022-06-09 21:55:00,-48.77
2022-06-09 22:00:00,-48.77
2022-06-09 22:05:00,-46.92
2022-06-09 22:10:00,-44.6
2022-06-09 22:15:00,-44.59
2022-06-09 22:20:00,-43.83
2022-06-09 22:25:00,-43.83
2022-06-09 22:30:00,-44.61
2022-06-09 22:35:00,-45.92
2022-06-09 22:40:00,-46.79
2022-06-09 22:45:00,-48.31
2022-06-09 22:50:00,-49.41
2022-06-09 22:55:00,-49.96
2022-06-09 23:00:00,-51.05
2022-06-09 23:05:00,-51.14
2022-06-09 23:10:00,-50.5
2022-06-09 23:15:00,-50.29
2022-06-09 23:20:00,-49.73
2022-06-09 23:25:00,-49.47
2022-06-09 23:30:00,-48.69
2022-06-09 23:35:00,-48.75
2022-06-09 23:40:00,-46.87
2022-06-09 23:45:00,-42.54
2022-06-09 23:50:00,-42.2
2022-06-09 23:55:00,-41.49
2022-06-10 00:00:00,-41.13
2022-06-10 00:05:00,-43.36
2022-06-10 00:10:00,-47.49
2022-06-10 00:15:00,-47.54
2022-06-10 00:20:00,-47.98
2022-06-10 00:25:00,-45.36
2022-06-10 00:30:00,-43.35
2022-06-10 00:35:00,-29.26
2022-06-10 00:40:00,-14.56
2022-06-10 00:45:00,-28.95
2022-06-10 00:50:00,-24.01
2022-06-10 00:55:00,-23.87
2022-06-10 01:00:00,-25.15
2022-06-10 01:05:00,-26.38
2022-06-10 01:10:00,-33.0
2022-06-10 01:15:00,-41.98
2022-06-10 01:20:00,-44.19
2022-06-10 01:25:00,-39.17
2022-06-10 01:30:00,-40.73
2022-06-10 01:35:00,-42.34
2022-06-10 01:40:00,-42.49
2022-06-10 01:45:00,-34.99
2022-06-10 01:50:00,-23.69
2022-06-10 01:55:00,-28.8
2022-06-10 02:00:00,-29.67
2022-06-10 02:05:00,-33.62
2022-06-10 02:10:00,-42.49
2022-06-10 02:15:00,-49.65
2022-06-10 02:20:00,-49.72
2022-06-10 02:25:00,-46.49
2022-06-10 02:30:00,-51.35
2022-06-10 02:35:00,-52.85
2022-06-10 02:40:00,-52.72
2022-06-10 02:45:00,-52.02
2022-06-10 02:50:00,-51.66
2022-06-10 02:55:00,-51.34
2022-06-10 03:00:00,-50.68
2022-06-10 03:05:00,-50.33
2022-06-10 03:10:00,-52.3
2022-06-10 03:15:00,-52.27
2022-06-10 03:20:00,-52.66
2022-06-10 03:25:00,-53.34
2022-06-10 03:30:00,-52.9
2022-06-10 03:35:00,-54.13
2022-06-10 03:40:00,-53.44
2022-06-10 03:45:00,-53.48
2022-06-10 03:50:00,-53.35
2022-06-10 03:55:00,-53.04
2022-06-10 04:00:00,-52.3
2022-06-10 04:05:00,-51.93
2022-06-10 04:10:00,-52.06
2022-06-10 04:15:00,-51.73
2022-06-10 04:20:00,-50.82
2022-06-10 04:25:00,-50.8
2022-06-10 04:30:00,-49.84
2022-06-10 04:35:00,-47.44
2022-06-10 04:40:00,-35.79
2022-06-10 04:45:00,-49.18
2022-06-10 04:50:00,-52.2
2022-06-10 04:55:00,-51.03
2022-06-10 05:00:00,-50.67
2022-06-10 05:05:00,-50.16
2022-06-10 05:10:00,-49.89
2022-06-10 05:15:00,-49.23
2022-06-10 05:20:00,-48.74
2022-06-10 05:25:00,-48.91
2022-06-10 05:30:00,-46.82
2022-06-10 05:35:00,-44.58
2022-06-10 05:40:00,-38.41
2022-06-10 05:45:00,-43.03
2022-06-10 05:50:00,-47.69
2022-06-10 05:55:00,-49.13
2022-06-10 06:00:00,-50.56
2022-06-10 06:05:00,-49.29
2022-06-10 06:10:00,-47.67
2022-06-10 06:15:00,-45.66
2022-06-10 06:20:00,-42.53
2022-06-10 06:25:00,-36.79
2022-06-10 06:30:00,-31.06
2022-06-10 06:35:00,-21.04
2022-06-10 06:40:00,-10.23
2022-06-10 06:45:00,1.864
2022-06-10 06:50:00,12.52
2022-06-10 06:55:00,22.87
2022-06-10 07:00:00,31.77
2022-06-10 07:05:00,48.88
2022-06-10 07:10:00,55.55
2022-06-10 07:15:00,68.84
2022-06-10 07:20:00,83.3
2022-06-10 07:25:00,91.3
2022-06-10 07:30:00,98.5
2022-06-10 07:35:00,105.7
2022-06-10 07:40:00,109.8
2022-06-10 07:45:00,81.5
2022-06-10 07:50:00,156.5
2022-06-10 07:55:00,183.5
2022-06-10 08:00:00,202.5
2022-06-10 08:05:00,206.0
2022-06-10 08:10:00,230.1
2022-06-10 08:15:00,242.7
2022-06-10 08:20:00,264.9
2022-06-10 08:25:00,265.3
2022-06-10 08:30:00,285.9
2022-06-10 08:35:00,308.6
2022-06-10 08:40:00,299.0
2022-06-10 08:45:00,317.6
2022-06-10 08:50:00,328.4
2022-06-10 08:55:00,349.0
2022-06-10 09:00:00,368.4
2022-06-10 09:05:00,375.2
2022-06-10 09:10:00,372.8
2022-06-10 09:15:00,409.6
2022-06-10 09:20:00,398.5
2022-06-10 09:25:00,420.0
2022-06-10 09:30:00,430.0
2022-06-10 09:35:00,447.6
2022-06-10 09:40:00,449.1
2022-06-10 09:45:00,444.5
2022-06-10 09:50:00,341.7
2022-06-10 09:55:00,492.6
2022-06-10 10:00:00,427.0
2022-06-10 10:05:00,477.0
2022-06-10 10:10:00,322.8
2022-06-10 10:15:00,451.2
2022-06-10 10:20:00,496.1
2022-06-10 10:25:00,465.4
2022-06-10 10:30:00,519.5
2022-06-10 10:35:00,525.1
2022-06-10 10:40:00,543.9
2022-06-10 10:45:00,547.3
2022-06-10 10:50:00,547.2
2022-06-10 10:55:00,547.3
2022-06-10 11:00:00,523.1
2022-06-10 11:05:00,556.4
2022-06-10 11:10:00,543.1
2022-06-10 11:15:00,541.6
2022-06-10 11:20:00,542.1
2022-06-10 11:25:00,561.6
2022-06-10 11:30:00,558.9
2022-06-10 11:35:00,578.7
2022-06-10 11:40:00,539.4
2022-06-10 11:45:00,545.5
2022-06-10 11:50:00,551.2
2022-06-10 11:55:00,531.3
2022-06-10 12:00:00,544.1
2022-06-10 12:05:00,527.8
2022-06-10 12:10:00,543.5
2022-06-10 12:15:00,548.7
2022-06-10 12:20:00,543.5
2022-06-10 12:25:00,548.4
2022-06-10 12:30:00,530.3
2022-06-10 12:35:00,503.5
2022-06-10 12:40:00,520.4
2022-06-10 12:45:00,484.9
2022-06-10 12:50:00,522.1
2022-06-10 12:55:00,477.5
2022-06-10 13:00:00,472.6
2022-06-10 13:05:00,466.8
2022-06-10 13:10:00,476.8
2022-06-10 13:15:00,464.6
2022-06-10 13:20:00,466.2
2022-06-10 13:25:00,430.2
2022-06-10 13:30:00,425.1
2022-06-10 13:35:00,393.1
2022-06-10 13:40:00,387.4
2022-06-10 13:45:00,395.4
2022-06-10 13:50:00,391.2
2022-06-10 13:55:00,376.3
2022-06-10 14:00:00,368.5
2022-06-10 14:05:00,363.9
2022-06-10 14:10:00,352.3
2022-06-10 14:15:00,342.3
2022-06-10 14:20:00,320.0
2022-06-10 14:25:00,307.9
2022-06-10 14:30:00,308.6
2022-06-10 14:35:00,292.9
2022-06-10 14:40:00,281.4
2022-06-10 14:45:00,271.8
2022-06-10 14:50:00,255.1
2022-06-10 14:55:00,251.7
2022-06-10 15:00:00,226.3
2022-06-10 15:05:00,217.9
2022-06-10 15:10:00,198.7
2022-06-10 15:15:00,191.9
2022-06-10 15:20:00,176.3
2022-06-10 15:25:00,156.7
2022-06-10 15:30:00,138.3
2022-06-10 15:35:00,129.0
2022-06-10 15:40:00,102.2
2022-06-10 15:45:00,78.15
2022-06-10 15:50:00,34.26
2022-06-10 15:55:00,60.82
2022-06-10 16:00:00,65.31
2022-06-10 16:05:00,46.74
2022-06-10 16:10:00,48.08
2022-06-10 16:15:00,33.65
2022-06-10 16:20:00,14.72
2022-06-10 16:25:00,2.576
2022-06-10 16:30:00,-20.42
2022-06-10 16:35:00,-42.71
2022-06-10 16:40:00,-55.38
2022-06-10 16:45:00,-56.25
2022-06-10 16:50:00,-60.01
2022-06-10 16:55:00,-62.13
2022-06-10 17:00:00,-63.69
2022-06-10 17:05:00,-64.63
2022-06-10 17:10:00,-66.9
2022-06-10 17:15:00,-67.76
2022-06-10 17:20:00,-70.38
2022-06-10 17:25:00,-68.55
2022-06-10 17:30:00,-68.34
2022-06-10 17:35:00,-68.34
2022-06-10 17:40:00,-68.92
2022-06-10 17:45:00,-66.42
2022-06-10 17:50:00,-70.5
2022-06-10 17:55:00,-67.48
2022-06-10 18:00:00,-69.29
2022-06-10 18:05:00,-67.36
2022-06-10 18:10:00,-70.49
2022-06-10 18:15:00,-68.07
2022-06-10 18:20:00,-67.66
2022-06-10 18:25:00,-68.41
2022-06-10 18:30:00,-66.66
2022-06-10 18:35:00,-67.62
2022-06-10 18:40:00,-66.57
2022-06-10 18:45:00,-64.21
2022-06-10 18:50:00,-66.57
2022-06-10 18:55:00,-67.38
2022-06-10 19:00:00,-68.07
2022-06-10 19:05:00,-66.1
2022-06-10 19:10:00,-66.24
2022-06-10 19:15:00,-66.18
2022-06-10 19:20:00,-66.25
2022-06-10 19:25:00,-67.06
2022-06-10 19:30:00,-66.94
2022-06-10 19:35:00,-65.34
2022-06-10 19:40:00,-65.95
2022-06-10 19:45:00,-63.44
2022-06-10 19:50:00,-65.17
2022-06-10 19:55:00,-62.31
2022-06-10 20:00:00,-65.24
2022-06-10 20:05:00,-63.0
2022-06-10 20:10:00,-63.26
2022-06-10 20:15:00,-62.6
2022-06-10 20:20:00,-62.38
2022-06-10 20:25:00,-62.57
2022-06-10 20:30:00,-56.21
2022-06-10 20:35:00,-58.39
2022-06-10 20:40:00,-59.46
2022-06-10 20:45:00,-62.65
2022-06-10 20:50:00,-60.48
2022-06-10 20:55:00,-59.83
2022-06-10 21:00:00,-59.88
2022-06-10 21:05:00,-60.12
2022-06-10 21:10:00,-60.21
2022-06-10 21:15:00,-61.67
2022-06-10 21:20:00,-60.7
2022-06-10 21:25:00,-58.88
2022-06-10 21:30:00,-59.4
2022-06-10 21:35:00,-58.5
2022-06-10 21:40:00,-60.02
2022-06-10 21:45:00,-58.69
2022-06-10 21:50:00,-58.76
2022-06-10 21:55:00,-58.94
2022-06-10 22:00:00,-57.93
2022-06-10 22:05:00,-57.4
2022-06-10 22:10:00,-58.51
2022-06-10 22:15:00,-56.37
2022-06-10 22:20:00,-56.06
2022-06-10 22:25:00,-55.84
2022-06-10 22:30:00,-56.56
2022-06-10 22:35:00,-55.3
2022-06-10 22:40:00,-54.72
2022-06-10 22:45:00,-54.17
2022-06-10 22:50:00,-53.63
2022-06-10 22:55:00,-51.72
2022-06-10 23:00:00,-50.49
2022-06-10 23:05:00,-51.27
2022-06-10 23:10:00,-50.6
2022-06-10 23:15:00,-51.22
2022-06-10 23:20:00,-50.16
2022-06-10 23:25:00,-52.98
2022-06-10 23:30:00,-51.84
2022-06-10 23:35:00,-51.67
2022-06-10 23:40:00,-51.26
2022-06-10 23:45:00,-51.06
2022-06-10 23:50:00,-51.18
2022-06-10 23:55:00,-50.98
2022-06-11 00:00:00,-51.76
2022-06-11 00:05:00,-51.79
2022-06-11 00:10:00,-51.28
2022-06-11 00:15:00,-51.12
2022-06-11 00:20:00,-50.55
2022-06-11 00:25:00,-49.84
2022-06-11 00:30:00,-49.8
2022-06-11 00:35:00,-48.72
2022-06-11 00:40:00,-41.53
2022-06-11 00:45:00,-47.76
2022-06-11 00:50:00,-46.79
2022-06-11 00:55:00,-45.1
2022-06-11 01:00:00,-42.28
2022-06-11 01:05:00,-39.67
2022-06-11 01:10:00,-37.32
2022-06-11 01:15:00,-37.5
2022-06-11 01:20:00,-40.23
2022-06-11 01:25:00,-39.6
2022-06-11 01:30:00,-16.83
2022-06-11 01:35:00,-6.148
2022-06-11 01:40:00,-5.913
2022-06-11 01:45:00,-6.451
2022-06-11 01:50:00,-6.47
2022-06-11 01:55:00,-7.493
2022-06-11 02:00:00,-8.43
2022-06-11 02:05:00,-8.54
2022-06-11 02:10:00,-8.7
2022-06-11 02:15:00,-10.27
2022-06-11 02:20:00,-14.95
2022-06-11 02:25:00,-25.08
2022-06-11 02:30:00,-30.64
2022-06-11 02:35:00,-29.43
2022-06-11 02:40:00,-30.77
2022-06-11 02:45:00,-7.396
2022-06-11 02:50:00,-4.889
2022-06-11 02:55:00,-12.56
2022-06-11 03:00:00,-13.27
2022-06-11 03:05:00,-26.59
2022-06-11 03:10:00,-15.39
2022-06-11 03:15:00,-13.87
2022-06-11 03:20:00,-12.39
2022-06-11 03:25:00,-11.08
2022-06-11 03:30:00,-11.77
2022-06-11 03:35:00,-13.83
2022-06-11 03:40:00,-15.48
2022-06-11 03:45:00,-24.12
2022-06-11 03:50:00,-26.3
2022-06-11 03:55:00,-23.09
2022-06-11 04:00:00,-15.58
2022-06-11 04:05:00,-14.71
2022-06-11 04:10:00,-15.48
2022-06-11 04:15:00,-16.15
2022-06-11 04:20:00,-16.55
2022-06-11 04:25:00,-15.91
2022-06-11 04:30:00,-15.94
2022-06-11 04:35:00,-16.46
2022-06-11 04:40:00,-17.31
2022-06-11 04:45:00,-17.57
2022-06-11 04:50:00,-21.5
2022-06-11 04:55:00,-25.98
2022-06-11 05:00:00,-26.92
2022-06-11 05:05:00,-29.1
2022-06-11 05:10:00,-32.15
2022-06-11 05:15:00,-34.71
2022-06-11 05:20:00,-38.24
2022-06-11 05:25:00,-23.74
2022-06-11 05:30:00,-15.47
2022-06-11 05:35:00,-18.18
2022-06-11 05:40:00,-19.31
2022-06-11 05:45:00,-21.99
2022-06-11 05:50:00,-21.14
2022-06-11 05:55:00,-16.99
2022-06-11 06:00:00,-16.15
2022-06-11 06:05:00,-13.56
2022-06-11 06:10:00,-12.88
2022-06-11 06:15:00,-12.95
2022-06-11 06:20:00,-12.08
2022-06-11 06:25:00,-11.11
2022-06-11 06:30:00,-10.07
2022-06-11 06:35:00,-9.1
2022-06-11 06:40:00,-6.32
2022-06-11 06:45:00,-2.68
2022-06-11 06:50:00,1.623
2022-06-11 06:55:00,5.865
2022-06-11 07:00:00,7.377
2022-06-11 07:05:00,10.85
2022-06-11 07:10:00,11.61
2022-06-11 07:15:00,13.4
2022-06-11 07:20:00,14.57
2022-06-11 07:25:00,16.41
2022-06-11 07:30:00,19.8
2022-06-11 07:35:00,23.15
2022-06-11 07:40:00,27.45
2022-06-11 07:45:00,28.74
2022-06-11 07:50:00,26.84
2022-06-11 07:55:00,37.92
2022-06-11 08:00:00,54.45
2022-06-11 08:05:00,62.54
2022-06-11 08:10:00,70.44
2022-06-11 08:15:00,72.91
2022-06-11 08:20:00,66.38
2022-06-11 08:25:00,54.86
2022-06-11 08:30:00,48.94
2022-06-11 08:35:00,55.27
2022-06-11 08:40:00,65.19
2022-06-11 08:45:00,76.64
2022-06-11 08:50:00,80.4
2022-06-11 08:55:00,99.7
2022-06-11 09:00:00,118.2
2022-06-11 09:05:00,126.3
2022-06-11 09:10:00,131.5
2022-06-11 09:15:00,143.0
2022-06-11 09:20:00,148.4
2022-06-11 09:25:00,124.6
2022-06-11 09:30:00,114.9
2022-06-11 09:35:00,138.4
2022-06-11 09:40:00,149.9
2022-06-11 09:45:00,159.0
2022-06-11 09:50:00,202.2
2022-06-11 09:55:00,212.6
2022-06-11 10:00:00,202.2
2022-06-11 10:05:00,260.6
2022-06-11 10:10:00,304.6
2022-06-11 10:15:00,302.5
2022-06-11 10:20:00,355.0
2022-06-11 10:25:00,392.2
2022-06-11 10:30:00,378.8
2022-06-11 10:35:00,532.0
2022-06-11 10:40:00,523.6
2022-06-11 10:45:00,480.8
2022-06-11 10:50:00,407.3
2022-06-11 10:55:00,409.6
2022-06-11 11:00:00,360.1
2022-06-11 11:05:00,531.7
2022-06-11 11:10:00,550.9
2022-06-11 11:15:00,228.1
2022-06-11 11:20:00,317.8
2022-06-11 11:25:00,280.7
2022-06-11 11:30:00,265.3
2022-06-11 11:35:00,254.8
2022-06-11 11:40:00,235.9
2022-06-11 11:45:00,243.5
2022-06-11 11:50:00,218.4
2022-06-11 11:55:00,224.0
2022-06-11 12:00:00,243.5
2022-06-11 12:05:00,227.8
2022-06-11 12:10:00,221.4
2022-06-11 12:15:00,171.6
2022-06-11 12:20:00,187.8
2022-06-11 12:25:00,225.1
2022-06-11 12:30:00,254.6
2022-06-11 12:35:00,210.1
2022-06-11 12:40:00,188.0
2022-06-11 12:45:00,168.5
2022-06-11 12:50:00,156.8
2022-06-11 12:55:00,149.9
2022-06-11 13:00:00,161.9
2022-06-11 13:05:00,177.9
2022-06-11 13:10:00,176.3
2022-06-11 13:15:00,159.7
2022-06-11 13:20:00,162.6
2022-06-11 13:25:00,161.3
2022-06-11 13:30:00,156.5
2022-06-11 13:35:00,120.7
2022-06-11 13:40:00,95.4
2022-06-11 13:45:00,99.7
2022-06-11 13:50:00,105.1
2022-06-11 13:55:00,125.9
2022-06-11 14:00:00,159.7
2022-06-11 14:05:00,155.4
2022-06-11 14:10:00,161.2
2022-06-11 14:15:00,116.9
2022-06-11 14:20:00,89.0
2022-06-11 14:25:00,66.7
2022-06-11 14:30:00,55.05
2022-06-11 14:35:00,32.53
2022-06-11 14:40:00,35.84
2022-06-11 14:45:00,70.53
2022-06-11 14:50:00,100.7
2022-06-11 14:55:00,92.5
2022-06-11 15:00:00,91.5
2022-06-11 15:05:00,68.16
2022-06-11 15:10:00,41.61
2022-06-11 15:15:00,31.68
2022-06-11 15:20:00,29.58
2022-06-11 15:25:00,65.24
2022-06-11 15:30:00,87.1
2022-06-11 15:35:00,96.9
2022-06-11 15:40:00,165.9
2022-06-11 15:45:00,120.6
2022-06-11 15:50:00,84.9
2022-06-11 15:55:00,64.7
2022-06-11 16:00:00,119.4
2022-06-11 16:05:00,135.7
2022-06-11 16:10:00,114.6
2022-06-11 16:15:00,72.75
2022-06-11 16:20:00,24.31
2022-06-11 16:25:00,-6.315
2022-06-11 16:30:00,-18.27
2022-06-11 16:35:00,-28.72
2022-06-11 16:40:00,-35.23
2022-06-11 16:45:00,-38.85
2022-06-11 16:50:00,-36.26
2022-06-11 16:55:00,-26.59
2022-06-11 17:00:00,-18.54
2022-06-11 17:05:00,-21.04
2022-06-11 17:10:00,-22.98
2022-06-11 17:15:00,-21.78
2022-06-11 17:20:00,-21.01
2022-06-11 17:25:00,-22.21
2022-06-11 17:30:00,-23.46
2022-06-11 17:35:00,-22.72
2022-06-11 17:40:00,-23.44
2022-06-11 17:45:00,-34.41
2022-06-11 17:50:00,-42.89
2022-06-11 17:55:00,-44.23
2022-06-11 18:00:00,-44.01
2022-06-11 18:05:00,-39.47
2022-06-11 18:10:00,-23.36
2022-06-11 18:15:00,-16.29
2022-06-11 18:20:00,-18.39
2022-06-11 18:25:00,-15.53
2022-06-11 18:30:00,-16.11
2022-06-11 18:35:00,-17.03
2022-06-11 18:40:00,-17.39
2022-06-11 18:45:00,-17.13
2022-06-11 18:50:00,-17.08
2022-06-11 18:55:00,-17.43
2022-06-11 19:00:00,-17.61
2022-06-11 19:05:00,-17.36
2022-06-11 19:10:00,-17.79
2022-06-11 19:15:00,-17.94
2022-06-11 19:20:00,-18.55
2022-06-11 19:25:00,-19.05
2022-06-11 19:30:00,-19.96
2022-06-11 19:35:00,-19.47
2022-06-11 19:40:00,-22.67
2022-06-11 19:45:00,-32.97
2022-06-11 19:50:00,-39.73
2022-06-11 19:55:00,-39.68
2022-06-11 20:00:00,-36.21
2022-06-11 20:05:00,-25.8
2022-06-11 20:10:00,-24.02
2022-06-11 20:15:00,-25.5
2022-06-11 20:20:00,-21.91
2022-06-11 20:25:00,-22.7
2022-06-11 20:30:00,-22.07
2022-06-11 20:35:00,-18.16
2022-06-11 20:40:00,-17.89
2022-06-11 20:45:00,-18.22
2022-06-11 20:50:00,-19.65
2022-06-11 20:55:00,-18.45
2022-06-11 21:00:00,-18.25
2022-06-11 21:05:00,-19.46
2022-06-11 21:10:00,-19.69
2022-06-11 21:15:00,-19.78
2022-06-11 21:20:00,-18.99
2022-06-11 21:25:00,-20.23
2022-06-11 21:30:00,-20.77
2022-06-11 21:35:00,-22.42
2022-06-11 21:40:00,-19.85
2022-06-11 21:45:00,-18.5
2022-06-11 21:50:00,-20.64
2022-06-11 21:55:00,-18.36
2022-06-11 22:00:00,-16.87
2022-06-11 22:05:00,-17.64
2022-06-11 22:10:00,-20.89
2022-06-11 22:15:00,-21.75
2022-06-11 22:20:00,-23.5
2022-06-11 22:25:00,-25.07
2022-06-11 22:30:00,-21.53
2022-06-11 22:35:00,-21.67
2022-06-11 22:40:00,-27.83
2022-06-11 22:45:00,-34.02
2022-06-11 22:50:00,-34.27
2022-06-11 22:55:00,-28.22
2022-06-11 23:00:00,-26.16
2022-06-11 23:05:00,-25.45
2022-06-11 23:10:00,-32.19
2022-06-11 23:15:00,-33.11
2022-06-11 23:20:00,-27.78
2022-06-11 23:25:00,-32.39
2022-06-11 23:30:00,-33.5
2022-06-11 23:35:00,-40.3
2022-06-11 23:40:00,-40.72
2022-06-11 23:45:00,-33.26
2022-06-11 23:50:00,-28.65
2022-06-11 23:55:00,-24.59
2022-06-12 00:00:00,-17.34
2022-06-12 00:05:00,-15.96
2022-06-12 00:10:00,-16.56
2022-06-12 00:15:00,-19.71
2022-06-12 00:20:00,-18.42
2022-06-12 00:25:00,-18.35
2022-06-12 00:30:00,-16.49
2022-06-12 00:35:00,-14.38
2022-06-12 00:40:00,-14.18
2022-06-12 00:45:00,-14.33
2022-06-12 00:50:00,-14.42
2022-06-12 00:55:00,-14.51
2022-06-12 01:00:00,-15.18
2022-06-12 01:05:00,-14.73
2022-06-12 01:10:00,-15.02
2022-06-12 01:15:00,-14.97
2022-06-12 01:20:00,-15.56
2022-06-12 01:25:00,-15.36
2022-06-12 01:30:00,-14.93
2022-06-12 01:35:00,-15.15
2022-06-12 01:40:00,-16.41
2022-06-12 01:45:00,-15.93
2022-06-12 01:50:00,-17.16
2022-06-12 01:55:00,-19.47
2022-06-12 02:00:00,-20.08
2022-06-12 02:05:00,-17.69
2022-06-12 02:10:00,-15.25
2022-06-12 02:15:00,-15.06
2022-06-12 02:20:00,-15.42
2022-06-12 02:25:00,-15.49
2022-06-12 02:30:00,-16.2
2022-06-12 02:35:00,-18.04
2022-06-12 02:40:00,-18.16
2022-06-12 02:45:00,-17.58
2022-06-12 02:50:00,-20.29
2022-06-12 02:55:00,-16.03
2022-06-12 03:00:00,-14.32
2022-06-12 03:05:00,-13.69
2022-06-12 03:10:00,-14.25
2022-06-12 03:15:00,-13.8
2022-06-12 03:20:00,-13.86
2022-06-12 03:25:00,-13.81
2022-06-12 03:30:00,-13.79
2022-06-12 03:35:00,-13.35
2022-06-12 03:40:00,-13.63
2022-06-12 03:45:00,-14.26
2022-06-12 03:50:00,-14.43
2022-06-12 03:55:00,-14.48
2022-06-12 04:00:00,-14.83
2022-06-12 04:05:00,-15.22
2022-06-12 04:10:00,-17.5
2022-06-12 04:15:00,-16.98
2022-06-12 04:20:00,-16.3
2022-06-12 04:25:00,-14.75
2022-06-12 04:30:00,-14.19
2022-06-12 04:35:00,-14.48
2022-06-12 04:40:00,-14.33
2022-06-12 04:45:00,-14.64
2022-06-12 04:50:00,-14.07
2022-06-12 04:55:00,-13.94
2022-06-12 05:00:00,-13.97
2022-06-12 05:05:00,-13.45
2022-06-12 05:10:00,-14.07
2022-06-12 05:15:00,-13.82
2022-06-12 05:20:00,-13.73
2022-06-12 05:25:00,-13.73
2022-06-12 05:30:00,-13.47
2022-06-12 05:35:00,-13.96
2022-06-12 05:40:00,-13.45
2022-06-12 05:45:00,-13.41
2022-06-12 05:50:00,-13.36
2022-06-12 05:55:00,-13.17
2022-06-12 06:00:00,-12.9
2022-06-12 06:05:00,-12.69
2022-06-12 06:10:00,-12.33
2022-06-12 06:15:00,-12.39
2022-06-12 06:20:00,-11.7
2022-06-12 06:25:00,-10.5
2022-06-12 06:30:00,-9.16
2022-06-12 06:35:00,-7.142
2022-06-12 06:40:00,-3.814
2022-06-12 06:45:00,0.495
2022-06-12 06:50:00,2.992
2022-06-12 06:55:00,8.28
2022-06-12 07:00:00,7.473
2022-06-12 07:05:00,2.714
2022-06-12 07:10:00,2.099
2022-06-12 07:15:00,3.516
2022-06-12 07:20:00,6.834
2022-06-12 07:25:00,10.9
2022-06-12 07:30:00,30.81
2022-06-12 07:35:00,32.28
2022-06-12 07:40:00,41.08
2022-06-12 07:45:00,57.31
2022-06-12 07:50:00,60.03
2022-06-12 07:55:00,43.29
2022-06-12 08:00:00,30.56
2022-06-12 08:05:00,28.99
2022-06-12 08:10:00,26.2
2022-06-12 08:15:00,26.56
2022-06-12 08:20:00,39.18
2022-06-12 08:25:00,83.8
2022-06-12 08:30:00,62.48
2022-06-12 08:35:00,72.0
2022-06-12 08:40:00,62.57
2022-06-12 08:45:00,66.81
2022-06-12 08:50:00,81.4
2022-06-12 08:55:00,73.71
2022-06-12 09:00:00,63.24
2022-06-12 09:05:00,76.59
2022-06-12 09:10:00,66.96
2022-06-12 09:15:00,59.94
2022-06-12 09:20:00,91.2
2022-06-12 09:25:00,124.6
2022-06-12 09:30:00,130.9
2022-06-12 09:35:00,139.4
2022-06-12 09:40:00,144.3
2022-06-12 09:45:00,122.0
2022-06-12 09:50:00,109.0
2022-06-12 09:55:00,120.4
2022-06-12 10:00:00,129.2
2022-06-12 10:05:00,141.5
2022-06-12 10:10:00,157.6
2022-06-12 10:15:00,155.1
2022-06-12 10:20:00,140.2
2022-06-12 10:25:00,131.8
2022-06-12 10:30:00,124.0
2022-06-12 10:35:00,117.8
2022-06-12 10:40:00,127.4
2022-06-12 10:45:00,181.8
2022-06-12 10:50:00,232.6
2022-06-12 10:55:00,306.8
2022-06-12 11:00:00,293.6
2022-06-12 11:05:00,259.9
2022-06-12 11:10:00,247.8
2022-06-12 11:15:00,278.2
2022-06-12 11:20:00,245.3
2022-06-12 11:25:00,174.2
2022-06-12 11:30:00,156.0
2022-06-12 11:35:00,171.9
2022-06-12 11:40:00,175.7
2022-06-12 11:45:00,182.7
2022-06-12 11:50:00,193.5
2022-06-12 11:55:00,215.8
2022-06-12 12:00:00,250.3
2022-06-12 12:05:00,301.0
2022-06-12 12:10:00,275.6
2022-06-12 12:15:00,423.9
2022-06-12 12:20:00,332.3
2022-06-12 12:25:00,202.1
2022-06-12 12:30:00,185.3
2022-06-12 12:35:00,189.6
2022-06-12 12:40:00,201.1
2022-06-12 12:45:00,216.4
2022-06-12 12:50:00,178.4
2022-06-12 12:55:00,188.7
2022-06-12 13:00:00,244.2
2022-06-12 13:05:00,177.5
2022-06-12 13:10:00,150.0
2022-06-12 13:15:00,149.7
2022-06-12 13:20:00,219.4
2022-06-12 13:25:00,168.8
2022-06-12 13:30:00,140.5
2022-06-12 13:35:00,95.7
2022-06-12 13:40:00,93.9
2022-06-12 13:45:00,100.4
2022-06-12 13:50:00,99.1
2022-06-12 13:55:00,108.4
2022-06-12 14:00:00,101.0
2022-06-12 14:05:00,109.1
2022-06-12 14:10:00,167.5
2022-06-12 14:15:00,147.1
2022-06-12 14:20:00,145.6
2022-06-12 14:25:00,112.8
2022-06-12 14:30:00,105.2
2022-06-12 14:35:00,138.5
2022-06-12 14:40:00,150.9
2022-06-12 14:45:00,116.8
2022-06-12 14:50:00,83.3
2022-06-12 14:55:00,57.93
2022-06-12 15:00:00,52.7
2022-06-12 15:05:00,49.58
2022-06-12 15:10:00,44.2
2022-06-12 15:15:00,48.54
2022-06-12 15:20:00,42.07
2022-06-12 15:25:00,35.71
2022-06-12 15:30:00,29.45
2022-06-12 15:35:00,20.5
2022-06-12 15:40:00,18.17
2022-06-12 15:45:00,24.66
2022-06-12 15:50:00,32.35
2022-06-12 15:55:00,14.75
2022-06-12 16:00:00,18.79
2022-06-12 16:05:00,19.56
2022-06-12 16:10:00,17.1
2022-06-12 16:15:00,12.66
2022-06-12 16:20:00,5.949
2022-06-12 16:25:00,1.46
2022-06-12 16:30:00,-4.974
2022-06-12 16:35:00,-5.916
2022-06-12 16:40:00,-4.317
2022-06-12 16:45:00,-7.145
2022-06-12 16:50:00,-12.03
2022-06-12 16:55:00,-12.89
2022-06-12 17:00:00,-13.8
2022-06-12 17:05:00,-14.6
2022-06-12 17:10:00,-14.82
2022-06-12 17:15:00,-15.01
2022-06-12 17:20:00,-15.0
2022-06-12 17:25:00,-15.03
2022-06-12 17:30:00,-14.72
2022-06-12 17:35:00,-14.49
2022-06-12 17:40:00,-14.46
2022-06-12 17:45:00,-13.94
2022-06-12 17:50:00,-14.01
2022-06-12 17:55:00,-13.85
2022-06-12 18:00:00,-13.69
2022-06-12 18:05:00,-13.37
2022-06-12 18:10:00,-13.49
2022-06-12 18:15:00,-13.4
2022-06-12 18:20:00,-13.5
2022-06-12 18:25:00,-13.16
2022-06-12 18:30:00,-13.31
2022-06-12 18:35:00,-13.23
2022-06-12 18:40:00,-13.08
2022-06-12 18:45:00,-13.01
2022-06-12 18:50:00,-13.28
2022-06-12 18:55:00,-13.31
2022-06-12 19:00:00,-13.3
2022-06-12 19:05:00,-13.26
2022-06-12 19:10:00,-13.15
2022-06-12 19:15:00,-13.13
2022-06-12 19:20:00,-13.88
2022-06-12 19:25:00,-13.7
2022-06-12 19:30:00,-14.35
2022-06-12 19:35:00,-13.87
2022-06-12 19:40:00,-13.91
2022-06-12 19:45:00,-13.54
2022-06-12 19:50:00,-13.53
2022-06-12 19:55:00,-12.79
2022-06-12 20:00:00,-13.26
2022-06-12 20:05:00,-14.31
2022-06-12 20:10:00,-16.03
2022-06-12 20:15:00,-17.14
2022-06-12 20:20:00,-15.5
2022-06-12 20:25:00,-14.08
2022-06-12 20:30:00,-13.53
2022-06-12 20:35:00,-13.43
2022-06-12 20:40:00,-13.23
2022-06-12 20:45:00,-14.79
2022-06-12 20:50:00,-15.25
2022-06-12 20:55:00,-15.13
2022-06-12 21:00:00,-14.04
2022-06-12 21:05:00,-13.62
2022-06-12 21:10:00,-13.49
2022-06-12 21:15:00,-14.77
2022-06-12 21:20:00,-16.5
2022-06-12 21:25:00,-14.83
2022-06-12 21:30:00,-13.91
2022-06-12 21:35:00,-14.12
2022-06-12 21:40:00,-14.91
2022-06-12 21:45:00,-14.41
2022-06-12 21:50:00,-15.04
2022-06-12 21:55:00,-13.35
2022-06-12 22:00:00,-13.41
2022-06-12 22:05:00,-13.56
2022-06-12 22:10:00,-13.82
2022-06-12 22:15:00,-12.42
2022-06-12 22:20:00,-11.55
2022-06-12 22:25:00,-11.36
2022-06-12 22:30:00,-11.25
2022-06-12 22:35:00,-11.19
2022-06-12 22:40:00,-11.15
2022-06-12 22:45:00,-12.05
2022-06-12 22:50:00,-11.19
2022-06-12 22:55:00,-10.97
2022-06-12 23:00:00,-11.32
2022-06-12 23:05:00,-17.68
2022-06-12 23:10:00,-15.28
2022-06-12 23:15:00,-12.44
2022-06-12 23:20:00,-12.42
2022-06-12 23:25:00,-12.73
2022-06-12 23:30:00,-15.47
2022-06-12 23:35:00,-30.67
2022-06-12 23:40:00,-23.05
2022-06-12 23:45:00,-42.25
2022-06-12 23:50:00,-44.58
2022-06-12 23:55:00,-48.01
2022-06-13 00:00:00,-50.35
2022-06-13 00:05:00,-53.05
2022-06-13 00:10:00,-54.2
2022-06-13 00:15:00,-46.57
2022-06-13 00:20:00,-17.12
2022-06-13 00:25:00,-12.32
2022-06-13 00:30:00,-13.28
2022-06-13 00:35:00,-12.43
2022-06-13 00:40:00,-19.7
2022-06-13 00:45:00,-13.34
2022-06-13 00:50:00,-12.11
2022-06-13 00:55:00,-11.37
2022-06-13 01:00:00,-11.83
2022-06-13 01:05:00,-11.72
2022-06-13 01:10:00,-12.0
2022-06-13 01:15:00,-12.2
2022-06-13 01:20:00,-13.21
2022-06-13 01:25:00,-13.55
2022-06-13 01:30:00,-13.43
2022-06-13 01:35:00,-13.69
2022-06-13 01:40:00,-14.8
2022-06-13 01:45:00,-15.19
2022-06-13 01:50:00,-14.59
2022-06-13 01:55:00,-13.59
2022-06-13 02:00:00,-15.29
2022-06-13 02:05:00,-20.91
2022-06-13 02:10:00,-22.55
2022-06-13 02:15:00,-18.15
2022-06-13 02:20:00,-13.57
2022-06-13 02:25:00,-14.02
2022-06-13 02:30:00,-14.85
2022-06-13 02:35:00,-15.47
2022-06-13 02:40:00,-15.35
2022-06-13 02:45:00,-15.89
2022-06-13 02:50:00,-15.14
2022-06-13 02:55:00,-15.37
2022-06-13 03:00:00,-14.64
2022-06-13 03:05:00,-15.09
2022-06-13 03:10:00,-15.25
2022-06-13 03:15:00,-16.08
2022-06-13 03:20:00,-18.4
2022-06-13 03:25:00,-20.5
2022-06-13 03:30:00,-24.32
2022-06-13 03:35:00,-25.22
2022-06-13 03:40:00,-26.48
2022-06-13 03:45:00,-29.98
2022-06-13 03:50:00,-26.92
2022-06-13 03:55:00,-24.73
2022-06-13 04:00:00,-20.87
2022-06-13 04:05:00,-25.7
2022-06-13 04:10:00,-22.91
2022-06-13 04:15:00,-21.15
2022-06-13 04:20:00,-20.18
2022-06-13 04:25:00,-23.53
2022-06-13 04:30:00,-23.62
2022-06-13 04:35:00,-20.23
2022-06-13 04:40:00,-18.74
2022-06-13 04:45:00,-16.05
2022-06-13 04:50:00,-18.63
2022-06-13 04:55:00,-17.51
2022-06-13 05:00:00,-15.85
2022-06-13 05:05:00,-14.97
2022-06-13 05:10:00,-16.23
2022-06-13 05:15:00,-16.24
2022-06-13 05:20:00,-18.52
2022-06-13 05:25:00,-17.68
2022-06-13 05:30:00,-16.1
2022-06-13 05:35:00,-18.57
2022-06-13 05:40:00,-19.4
2022-06-13 05:45:00,-15.93
2022-06-13 05:50:00,-15.39
2022-06-13 05:55:00,-16.14
2022-06-13 06:00:00,-16.59
2022-06-13 06:05:00,-16.53
2022-06-13 06:10:00,-14.8
2022-06-13 06:15:00,-14.82
2022-06-13 06:20:00,-13.54
2022-06-13 06:25:00,-12.78
2022-06-13 06:30:00,-12.12
2022-06-13 06:35:00,-10.56
2022-06-13 06:40:00,-8.68
2022-06-13 06:45:00,-6.47
2022-06-13 06:50:00,-5.899
2022-06-13 06:55:00,-5.759
2022-06-13 07:00:00,-5.87
2022-06-13 07:05:00,-4.558
2022-06-13 07:10:00,-3.319
2022-06-13 07:15:00,-2.671
2022-06-13 07:20:00,-4.093
2022-06-13 07:25:00,-1.724
2022-06-13 07:30:00,2.166
2022-06-13 07:35:00,6.192
2022-06-13 07:40:00,11.99
2022-06-13 07:45:00,11.55
2022-06-13 07:50:00,16.04
2022-06-13 07:55:00,16.13
2022-06-13 08:00:00,13.41
2022-06-13 08:05:00,10.83
2022-06-13 08:10:00,23.97
2022-06-13 08:15:00,70.52
2022-06-13 08:20:00,86.8
2022-06-13 08:25:00,68.62
2022-06-13 08:30:00,83.8
2022-06-13 08:35:00,82.2
2022-06-13 08:40:00,54.94
2022-06-13 08:45:00,41.19
2022-06-13 08:50:00,33.57
2022-06-13 08:55:00,25.64
2022-06-13 09:00:00,35.47
2022-06-13 09:05:00,49.48
2022-06-13 09:10:00,75.79
2022-06-13 09:15:00,122.5
2022-06-13 09:20:00,119.6
2022-06-13 09:25:00,88.4
2022-06-13 09:30:00,108.2
2022-06-13 09:35:00,257.0
2022-06-13 09:40:00,204.7
2022-06-13 09:45:00,193.9
2022-06-13 09:50:00,167.7
2022-06-13 09:55:00,236.1
2022-06-13 10:00:00,278.3
2022-06-13 10:05:00,233.6
2022-06-13 10:10:00,291.2
2022-06-13 10:15:00,412.9
2022-06-13 10:20:00,608.1
2022-06-13 10:25:00,400.5
2022-06-13 10:30:00,348.9
2022-06-13 10:35:00,501.4
2022-06-13 10:40:00,418.4
2022-06-13 10:45:00,372.1
2022-06-13 10:50:00,490.7
2022-06-13 10:55:00,378.1
2022-06-13 11:00:00,257.4
2022-06-13 11:05:00,252.8
2022-06-13 11:10:00,385.1
2022-06-13 11:15:00,563.1
2022-06-13 11:20:00,617.3
2022-06-13 11:25:00,373.7
2022-06-13 11:30:00,288.1
2022-06-13 11:35:00,325.9
2022-06-13 11:40:00,343.1
2022-06-13 11:45:00,227.7
2022-06-13 11:50:00,293.9
2022-06-13 11:55:00,360.6
2022-06-13 12:00:00,489.5
2022-06-13 12:05:00,486.1
2022-06-13 12:10:00,496.6
2022-06-13 12:15:00,503.2
2022-06-13 12:20:00,558.3
2022-06-13 12:25:00,439.5
2022-06-13 12:30:00,536.8
2022-06-13 12:35:00,568.3
2022-06-13 12:40:00,544.2
2022-06-13 12:45:00,546.2
2022-06-13 12:50:00,533.3
2022-06-13 12:55:00,508.4
2022-06-13 13:00:00,500.1
2022-06-13 13:05:00,483.3
2022-06-13 13:10:00,487.1
2022-06-13 13:15:00,488.0
2022-06-13 13:20:00,474.2
2022-06-13 13:25:00,496.4
2022-06-13 13:30:00,374.6
2022-06-13 13:35:00,289.3
2022-06-13 13:40:00,232.1
2022-06-13 13:45:00,285.0
2022-06-13 13:50:00,387.8
2022-06-13 13:55:00,289.5
2022-06-13 14:00:00,200.4
2022-06-13 14:05:00,275.2
2022-06-13 14:10:00,164.9
2022-06-13 14:15:00,202.7
2022-06-13 14:20:00,150.9
2022-06-13 14:25:00,78.14
2022-06-13 14:30:00,81.6
2022-06-13 14:35:00,112.1
2022-06-13 14:40:00,106.3
2022-06-13 14:45:00,54.17
2022-06-13 14:50:00,50.81
2022-06-13 14:55:00,31.73
2022-06-13 15:00:00,22.68
2022-06-13 15:05:00,79.27
2022-06-13 15:10:00,227.5
2022-06-13 15:15:00,200.7
2022-06-13 15:20:00,88.6
2022-06-13 15:25:00,86.2
2022-06-13 15:30:00,209.9
2022-06-13 15:35:00,112.3
2022-06-13 15:40:00,93.9
2022-06-13 15:45:00,130.6
2022-06-13 15:50:00,99.7
2022-06-13 15:55:00,55.81
2022-06-13 16:00:00,6.611
2022-06-13 16:05:00,35.09
2022-06-13 16:10:00,49.6
2022-06-13 16:15:00,7.663
2022-06-13 16:20:00,-23.85
2022-06-13 16:25:00,-16.42
2022-06-13 16:30:00,-19.05
2022-06-13 16:35:00,-24.91
2022-06-13 16:40:00,-34.26
2022-06-13 16:45:00,-41.96
2022-06-13 16:50:00,-51.19
2022-06-13 16:55:00,-57.37
2022-06-13 17:00:00,-64.62
2022-06-13 17:05:00,-69.45
2022-06-13 17:10:00,-73.51
2022-06-13 17:15:00,-74.69
2022-06-13 17:20:00,-75.47
2022-06-13 17:25:00,-76.45
2022-06-13 17:30:00,-75.11
2022-06-13 17:35:00,-75.03
2022-06-13 17:40:00,-75.92
2022-06-13 17:45:00,-75.8
2022-06-13 17:50:00,-76.1
2022-06-13 17:55:00,-75.55
2022-06-13 18:00:00,-74.66
2022-06-13 18:05:00,-74.41
2022-06-13 18:10:00,-74.81
2022-06-13 18:15:00,-76.17
2022-06-13 18:20:00,-75.11
2022-06-13 18:25:00,-75.87
