TIMESTAMP,RH1_Avg
2022-06-06 18:35:00,77.11
2022-06-06 18:40:00,76.89
2022-06-06 18:45:00,76.98
2022-06-06 18:50:00,77.8
2022-06-06 18:55:00,78.88
2022-06-06 19:00:00,79.28
2022-06-06 19:05:00,79.64
2022-06-06 19:10:00,79.45
2022-06-06 19:15:00,79.55
2022-06-06 19:20:00,79.21
2022-06-06 19:25:00,79.19
2022-06-06 19:30:00,80.0
2022-06-06 19:35:00,82.5
2022-06-06 19:40:00,84.3
2022-06-06 19:45:00,84.9
2022-06-06 19:50:00,85.3
2022-06-06 19:55:00,85.6
2022-06-06 20:00:00,84.8
2022-06-06 20:05:00,83.9
2022-06-06 20:10:00,83.9
2022-06-06 20:15:00,84.9
2022-06-06 20:20:00,85.1
2022-06-06 20:25:00,85.2
2022-06-06 20:30:00,85.6
2022-06-06 20:35:00,85.6
2022-06-06 20:40:00,86.0
2022-06-06 20:45:00,86.0
2022-06-06 20:50:00,85.8
2022-06-06 20:55:00,86.0
2022-06-06 21:00:00,86.5
2022-06-06 21:05:00,86.6
2022-06-06 21:10:00,86.7
2022-06-06 21:15:00,86.7
2022-06-06 21:20:00,86.6
2022-06-06 21:25:00,86.1
2022-06-06 21:30:00,86.4
2022-06-06 21:35:00,86.9
2022-06-06 21:40:00,87.6
2022-06-06 21:45:00,88.4
2022-06-06 21:50:00,88.9
2022-06-06 21:55:00,89.2
2022-06-06 22:00:00,89.2
2022-06-06 22:05:00,88.8
2022-06-06 22:10:00,87.8
2022-06-06 22:15:00,87.2
2022-06-06 22:20:00,87.3
2022-06-06 22:25:00,87.3
2022-06-06 22:30:00,87.2
2022-06-06 22:35:00,87.1
2022-06-06 22:40:00,86.9
2022-06-06 22:45:00,87.0
2022-06-06 22:50:00,87.3
2022-06-06 22:55:00,86.8
2022-06-06 23:00:00,86.4
2022-06-06 23:05:00,85.9
2022-06-06 23:10:00,85.6
2022-06-06 23:15:00,84.9
2022-06-06 23:20:00,84.7
2022-06-06 23:25:00,84.6
2022-06-06 23:30:00,84.5
2022-06-06 23:35:00,84.5
2022-06-06 23:40:00,84.5
2022-06-06 23:45:00,84.3
2022-06-06 23:50:00,84.6
2022-06-06 23:55:00,84.3
2022-06-07 00:00:00,84.2
2022-06-07 00:05:00,84.5
2022-06-07 00:10:00,84.8
2022-06-07 00:15:00,85.4
2022-06-07 00:20:00,86.1
2022-06-07 00:25:00,86.9
2022-06-07 00:30:00,87.0
2022-06-07 00:35:00,87.3
2022-06-07 00:40:00,87.6
2022-06-07 00:45:00,87.9
2022-06-07 00:50:00,87.6
2022-06-07 00:55:00,87.3
2022-06-07 01:00:00,86.7
2022-06-07 01:05:00,86.4
2022-06-07 01:10:00,86.6
2022-06-07 01:15:00,86.9
2022-06-07 01:20:00,86.4
2022-06-07 01:25:00,86.3
2022-06-07 01:30:00,86.5
2022-06-07 01:35:00,86.8
2022-06-07 01:40:00,87.7
2022-06-07 01:45:00,88.9
2022-06-07 01:50:00,89.6
2022-06-07 01:55:00,90.0
2022-06-07 02:00:00,89.6
2022-06-07 02:05:00,88.9
2022-06-07 02:10:00,88.6
2022-06-07 02:15:00,88.1
2022-06-07 02:20:00,87.8
2022-06-07 02:25:00,87.7
2022-06-07 02:30:00,87.9
2022-06-07 02:35:00,88.3
2022-06-07 02:40:00,88.2
2022-06-07 02:45:00,88.3
2022-06-07 02:50:00,88.4
2022-06-07 02:55:00,88.1
2022-06-07 03:00:00,87.8
2022-06-07 03:05:00,87.2
2022-06-07 03:10:00,87.2
2022-06-07 03:15:00,86.0
2022-06-07 03:20:00,85.9
2022-06-07 03:25:00,86.1
2022-06-07 03:30:00,85.5
2022-06-07 03:35:00,85.5
2022-06-07 03:40:00,86.3
2022-06-07 03:45:00,87.1
2022-06-07 03:50:00,87.5
2022-06-07 03:55:00,88.1
2022-06-07 04:00:00,88.7
2022-06-07 04:05:00,89.9
2022-06-07 04:10:00,90.4
2022-06-07 04:15:00,90.0
2022-06-07 04:20:00,90.2
2022-06-07 04:25:00,91.1
2022-06-07 04:30:00,91.9
2022-06-07 04:35:00,91.4
2022-06-07 04:40:00,90.8
2022-06-07 04:45:00,90.2
2022-06-07 04:50:00,89.9
2022-06-07 04:55:00,89.4
2022-06-07 05:00:00,89.1
2022-06-07 05:05:00,88.6
2022-06-07 05:10:00,89.3
2022-06-07 05:15:00,90.4
2022-06-07 05:20:00,91.1
2022-06-07 05:25:00,91.5
2022-06-07 05:30:00,91.4
2022-06-07 05:35:00,90.7
2022-06-07 05:40:00,89.9
2022-06-07 05:45:00,89.7
2022-06-07 05:50:00,89.1
2022-06-07 05:55:00,88.8
2022-06-07 06:00:00,88.9
2022-06-07 06:05:00,89.1
2022-06-07 06:10:00,89.0
2022-06-07 06:15:00,89.4
2022-06-07 06:20:00,89.7
2022-06-07 06:25:00,89.2
2022-06-07 06:30:00,90.1
2022-06-07 06:35:00,90.0
2022-06-07 06:40:00,90.6
2022-06-07 06:45:00,91.5
2022-06-07 06:50:00,91.7
2022-06-07 06:55:00,91.0
2022-06-07 07:00:00,89.9
2022-06-07 07:05:00,88.4
2022-06-07 07:10:00,86.8
2022-06-07 07:15:00,85.7
2022-06-07 07:20:00,84.7
2022-06-07 07:25:00,83.3
2022-06-07 07:30:00,80.9
2022-06-07 07:35:00,79.05
2022-06-07 07:40:00,76.72
2022-06-07 07:45:00,75.54
2022-06-07 07:50:00,74.44
2022-06-07 07:55:00,73.18
2022-06-07 08:00:00,72.17
2022-06-07 08:05:00,71.61
2022-06-07 08:10:00,70.91
2022-06-07 08:15:00,70.14
2022-06-07 08:20:00,69.26
2022-06-07 08:25:00,68.28
2022-06-07 08:30:00,67.15
2022-06-07 08:35:00,66.79
2022-06-07 08:40:00,66.67
2022-06-07 08:45:00,65.52
2022-06-07 08:50:00,63.12
2022-06-07 08:55:00,60.77
2022-06-07 09:00:00,59.93
2022-06-07 09:05:00,57.8
2022-06-07 09:10:00,57.17
2022-06-07 09:15:00,57.4
2022-06-07 09:20:00,56.32
2022-06-07 09:25:00,55.6
2022-06-07 09:30:00,55.31
2022-06-07 09:35:00,53.56
2022-06-07 09:40:00,53.56
2022-06-07 09:45:00,53.87
2022-06-07 09:50:00,53.53
2022-06-07 09:55:00,53.14
2022-06-07 10:00:00,53.54
2022-06-07 10:05:00,52.49
2022-06-07 10:10:00,52.03
2022-06-07 10:15:00,52.49
2022-06-07 10:20:00,51.64
2022-06-07 10:25:00,51.45
2022-06-07 10:30:00,51.1
2022-06-07 10:35:00,50.42
2022-06-07 10:40:00,50.34
2022-06-07 10:45:00,49.56
2022-06-07 10:50:00,49.4
2022-06-07 10:55:00,48.63
2022-06-07 11:00:00,48.41
2022-06-07 11:05:00,47.85
2022-06-07 11:10:00,47.51
2022-06-07 11:15:00,47.35
2022-06-07 11:20:00,47.54
2022-06-07 11:25:00,47.22
2022-06-07 11:30:00,46.84
2022-06-07 11:35:00,46.69
2022-06-07 11:40:00,46.41
2022-06-07 11:45:00,45.85
2022-06-07 11:50:00,46.45
2022-06-07 11:55:00,46.07
2022-06-07 12:00:00,45.7
2022-06-07 12:05:00,45.49
2022-06-07 12:10:00,45.56
2022-06-07 12:15:00,43.71
2022-06-07 12:20:00,43.7
2022-06-07 12:25:00,43.1
2022-06-07 12:30:00,42.07
2022-06-07 12:35:00,42.08
2022-06-07 12:40:00,41.17
2022-06-07 12:45:00,41.52
2022-06-07 12:50:00,40.18
2022-06-07 12:55:00,40.83
2022-06-07 13:00:00,40.17
2022-06-07 13:05:00,40.04
2022-06-07 13:10:00,39.6
2022-06-07 13:15:00,39.32
2022-06-07 13:20:00,39.03
2022-06-07 13:25:00,38.21
2022-06-07 13:30:00,38.5
2022-06-07 13:35:00,38.83
2022-06-07 13:40:00,39.78
2022-06-07 13:45:00,39.72
2022-06-07 13:50:00,39.64
2022-06-07 13:55:00,38.97
2022-06-07 14:00:00,39.53
2022-06-07 14:05:00,39.89
2022-06-07 14:10:00,41.71
2022-06-07 14:15:00,41.42
2022-06-07 14:20:00,42.27
2022-06-07 14:25:00,42.48
2022-06-07 14:30:00,42.43
2022-06-07 14:35:00,42.07
2022-06-07 14:40:00,42.04
2022-06-07 14:45:00,42.11
2022-06-07 14:50:00,42.29
2022-06-07 14:55:00,42.26
2022-06-07 15:00:00,42.12
2022-06-07 15:05:00,42.74
2022-06-07 15:10:00,42.18
2022-06-07 15:15:00,42.61
2022-06-07 15:20:00,43.06
2022-06-07 15:25:00,43.08
2022-06-07 15:30:00,43.14
2022-06-07 15:35:00,42.94
2022-06-07 15:40:00,43.3
2022-06-07 15:45:00,43.35
2022-06-07 15:50:00,43.49
2022-06-07 15:55:00,43.88
2022-06-07 16:00:00,44.35
2022-06-07 16:05:00,44.68
2022-06-07 16:10:00,44.85
2022-06-07 16:15:00,44.97
2022-06-07 16:20:00,45.15
2022-06-07 16:25:00,45.72
2022-06-07 16:30:00,46.01
2022-06-07 16:35:00,46.45
2022-06-07 16:40:00,46.82
2022-06-07 16:45:00,47.53
2022-06-07 16:50:00,47.91
2022-06-07 16:55:00,48.53
2022-06-07 17:00:00,49.37
2022-06-07 17:05:00,50.0
2022-06-07 17:10:00,50.36
2022-06-07 17:15:00,50.76
2022-06-07 17:20:00,51.7
2022-06-07 17:25:00,52.11
2022-06-07 17:30:00,53.01
2022-06-07 17:35:00,54.2
2022-06-07 17:40:00,54.63
2022-06-07 17:45:00,54.91
2022-06-07 17:50:00,55.7
2022-06-07 17:55:00,55.96
2022-06-07 18:00:00,56.56
2022-06-07 18:05:00,56.9
2022-06-07 18:10:00,57.64
2022-06-07 18:15:00,58.1
2022-06-07 18:20:00,58.65
2022-06-07 18:25:00,60.77
2022-06-07 18:30:00,60.36
2022-06-07 18:35:00,59.02
2022-06-07 18:40:00,58.17
2022-06-07 18:45:00,58.12
2022-06-07 18:50:00,58.94
2022-06-07 18:55:00,58.54
2022-06-07 19:00:00,57.78
2022-06-07 19:05:00,58.7
2022-06-07 19:10:00,58.17
2022-06-07 19:15:00,58.34
2022-06-07 19:20:00,58.96
2022-06-07 19:25:00,59.41
2022-06-07 19:30:00,58.98
2022-06-07 19:35:00,59.47
2022-06-07 19:40:00,59.36
2022-06-07 19:45:00,62.24
2022-06-07 19:50:00,62.93
2022-06-07 19:55:00,62.67
2022-06-07 20:00:00,62.14
2022-06-07 20:05:00,61.6
2022-06-07 20:10:00,61.74
2022-06-07 20:15:00,61.62
2022-06-07 20:20:00,62.4
2022-06-07 20:25:00,63.18
2022-06-07 20:30:00,63.03
2022-06-07 20:35:00,65.89
2022-06-07 20:40:00,65.77
2022-06-07 20:45:00,64.42
2022-06-07 20:50:00,66.24
2022-06-07 20:55:00,67.31
2022-06-07 21:00:00,68.96
2022-06-07 21:05:00,71.4
2022-06-07 21:10:00,72.39
2022-06-07 21:15:00,73.36
2022-06-07 21:20:00,74.26
2022-06-07 21:25:00,74.68
2022-06-07 21:30:00,73.75
2022-06-07 21:35:00,74.15
2022-06-07 21:40:00,74.54
2022-06-07 21:45:00,75.1
2022-06-07 21:50:00,75.78
2022-06-07 21:55:00,77.63
2022-06-07 22:00:00,79.75
2022-06-07 22:05:00,79.81
2022-06-07 22:10:00,78.92
2022-06-07 22:15:00,78.6
2022-06-07 22:20:00,78.88
2022-06-07 22:25:00,79.41
2022-06-07 22:30:00,79.3
2022-06-07 22:35:00,79.25
2022-06-07 22:40:00,81.0
2022-06-07 22:45:00,80.3
2022-06-07 22:50:00,80.9
2022-06-07 22:55:00,82.4
2022-06-07 23:00:00,82.7
2022-06-07 23:05:00,82.5
2022-06-07 23:10:00,79.73
2022-06-07 23:15:00,76.93
2022-06-07 23:20:00,78.09
2022-06-07 23:25:00,74.23
2022-06-07 23:30:00,74.85
2022-06-07 23:35:00,76.52
2022-06-07 23:40:00,77.23
2022-06-07 23:45:00,77.63
2022-06-07 23:50:00,78.71
2022-06-07 23:55:00,80.6
2022-06-08 00:00:00,81.2
2022-06-08 00:05:00,81.5
2022-06-08 00:10:00,81.3
2022-06-08 00:15:00,80.9
2022-06-08 00:20:00,82.2
2022-06-08 00:25:00,81.5
2022-06-08 00:30:00,81.4
2022-06-08 00:35:00,82.2
2022-06-08 00:40:00,81.7
2022-06-08 00:45:00,81.9
2022-06-08 00:50:00,80.1
2022-06-08 00:55:00,78.85
2022-06-08 01:00:00,80.0
2022-06-08 01:05:00,80.6
2022-06-08 01:10:00,79.5
2022-06-08 01:15:00,79.41
2022-06-08 01:20:00,78.82
2022-06-08 01:25:00,78.85
2022-06-08 01:30:00,78.79
2022-06-08 01:35:00,77.89
2022-06-08 01:40:00,76.35
2022-06-08 01:45:00,78.67
2022-06-08 01:50:00,79.58
2022-06-08 01:55:00,82.8
2022-06-08 02:00:00,86.3
2022-06-08 02:05:00,88.3
2022-06-08 02:10:00,89.1
2022-06-08 02:15:00,88.9
2022-06-08 02:20:00,88.7
2022-06-08 02:25:00,89.5
2022-06-08 02:30:00,89.2
2022-06-08 02:35:00,88.6
2022-06-08 02:40:00,87.0
2022-06-08 02:45:00,84.9
2022-06-08 02:50:00,82.9
2022-06-08 02:55:00,81.7
2022-06-08 03:00:00,81.2
2022-06-08 03:05:00,82.5
2022-06-08 03:10:00,83.0
2022-06-08 03:15:00,84.0
2022-06-08 03:20:00,84.0
2022-06-08 03:25:00,81.4
2022-06-08 03:30:00,79.3
2022-06-08 03:35:00,75.72
2022-06-08 03:40:00,74.47
2022-06-08 03:45:00,75.49
2022-06-08 03:50:00,75.87
2022-06-08 03:55:00,77.29
2022-06-08 04:00:00,77.85
2022-06-08 04:05:00,77.24
2022-06-08 04:10:00,76.71
2022-06-08 04:15:00,75.33
2022-06-08 04:20:00,74.7
2022-06-08 04:25:00,74.74
2022-06-08 04:30:00,74.66
2022-06-08 04:35:00,74.45
2022-06-08 04:40:00,72.69
2022-06-08 04:45:00,74.25
2022-06-08 04:50:00,73.62
2022-06-08 04:55:00,73.34
2022-06-08 05:00:00,73.99
2022-06-08 05:05:00,74.02
2022-06-08 05:10:00,74.03
2022-06-08 05:15:00,74.57
2022-06-08 05:20:00,77.01
2022-06-08 05:25:00,78.25
2022-06-08 05:30:00,79.95
2022-06-08 05:35:00,83.2
2022-06-08 05:40:00,86.2
2022-06-08 05:45:00,87.5
2022-06-08 05:50:00,89.7
2022-06-08 05:55:00,91.4
2022-06-08 06:00:00,92.3
2022-06-08 06:05:00,92.3
2022-06-08 06:10:00,91.6
2022-06-08 06:15:00,90.3
2022-06-08 06:20:00,87.4
2022-06-08 06:25:00,85.5
2022-06-08 06:30:00,84.5
2022-06-08 06:35:00,84.0
2022-06-08 06:40:00,84.1
2022-06-08 06:45:00,84.5
2022-06-08 06:50:00,85.4
2022-06-08 06:55:00,85.3
2022-06-08 07:00:00,84.2
2022-06-08 07:05:00,84.1
2022-06-08 07:10:00,84.5
2022-06-08 07:15:00,84.9
2022-06-08 07:20:00,85.3
2022-06-08 07:25:00,84.7
2022-06-08 07:30:00,83.7
2022-06-08 07:35:00,82.2
2022-06-08 07:40:00,81.1
2022-06-08 07:45:00,79.83
2022-06-08 07:50:00,78.55
2022-06-08 07:55:00,77.71
2022-06-08 08:00:00,76.31
2022-06-08 08:05:00,74.29
2022-06-08 08:10:00,71.83
2022-06-08 08:15:00,70.65
2022-06-08 08:20:00,70.81
2022-06-08 08:25:00,70.81
2022-06-08 08:30:00,69.42
2022-06-08 08:35:00,67.89
2022-06-08 08:40:00,68.12
2022-06-08 08:45:00,68.76
2022-06-08 08:50:00,68.49
2022-06-08 08:55:00,69.04
2022-06-08 09:00:00,69.58
2022-06-08 09:05:00,70.6
2022-06-08 09:10:00,71.38
2022-06-08 09:15:00,71.47
2022-06-08 09:20:00,70.31
2022-06-08 09:25:00,72.24
2022-06-08 09:30:00,73.08
2022-06-08 09:35:00,72.34
2022-06-08 09:40:00,74.08
2022-06-08 09:45:00,73.84
2022-06-08 09:50:00,73.39
2022-06-08 09:55:00,73.2
2022-06-08 10:00:00,72.8
2022-06-08 10:05:00,71.23
2022-06-08 10:10:00,70.41
2022-06-08 10:15:00,70.28
2022-06-08 10:20:00,67.44
2022-06-08 10:25:00,66.16
2022-06-08 10:30:00,63.81
2022-06-08 10:35:00,64.32
2022-06-08 10:40:00,63.52
2022-06-08 10:45:00,63.61
2022-06-08 10:50:00,65.84
2022-06-08 10:55:00,67.15
2022-06-08 11:00:00,67.31
2022-06-08 11:05:00,68.13
2022-06-08 11:10:00,68.15
2022-06-08 11:15:00,68.01
2022-06-08 11:20:00,68.62
2022-06-08 11:25:00,71.32
2022-06-08 11:30:00,74.1
2022-06-08 11:35:00,73.76
2022-06-08 11:40:00,69.31
2022-06-08 11:45:00,69.77
2022-06-08 11:50:00,69.64
2022-06-08 11:55:00,73.3
2022-06-08 12:00:00,74.15
2022-06-08 12:05:00,73.73
2022-06-08 12:10:00,72.87
2022-06-08 12:15:00,72.78
2022-06-08 12:20:00,68.58
2022-06-08 12:25:00,70.08
2022-06-08 12:30:00,72.48
2022-06-08 12:35:00,71.99
2022-06-08 12:40:00,72.84
2022-06-08 12:45:00,74.19
2022-06-08 12:50:00,73.97
2022-06-08 12:55:00,74.29
2022-06-08 13:00:00,75.38
2022-06-08 13:05:00,75.47
2022-06-08 13:10:00,76.07
2022-06-08 13:15:00,76.45
2022-06-08 13:20:00,76.53
2022-06-08 13:25:00,74.78
2022-06-08 13:30:00,75.6
2022-06-08 13:35:00,72.11
2022-06-08 13:40:00,72.19
2022-06-08 13:45:00,73.24
2022-06-08 13:50:00,73.53
2022-06-08 13:55:00,73.98
2022-06-08 14:00:00,72.76
2022-06-08 14:05:00,71.73
2022-06-08 14:10:00,70.74
2022-06-08 14:15:00,68.5
2022-06-08 14:20:00,68.85
2022-06-08 14:25:00,69.77
2022-06-08 14:30:00,68.47
2022-06-08 14:35:00,69.57
2022-06-08 14:40:00,68.53
2022-06-08 14:45:00,69.42
2022-06-08 14:50:00,68.88
2022-06-08 14:55:00,67.48
2022-06-08 15:00:00,68.88
2022-06-08 15:05:00,67.79
2022-06-08 15:10:00,63.22
2022-06-08 15:15:00,64.09
2022-06-08 15:20:00,62.06
2022-06-08 15:25:00,63.65
2022-06-08 15:30:00,64.86
2022-06-08 15:35:00,64.79
2022-06-08 15:40:00,63.57
2022-06-08 15:45:00,63.44
2022-06-08 15:50:00,64.34
2022-06-08 15:55:00,65.63
2022-06-08 16:00:00,65.23
2022-06-08 16:05:00,66.14
2022-06-08 16:10:00,66.44
2022-06-08 16:15:00,66.41
2022-06-08 16:20:00,67.23
2022-06-08 16:25:00,68.38
2022-06-08 16:30:00,68.97
2022-06-08 16:35:00,69.66
2022-06-08 16:40:00,70.29
2022-06-08 16:45:00,71.19
2022-06-08 16:50:00,71.86
2022-06-08 16:55:00,72.37
2022-06-08 17:00:00,72.78
2022-06-08 17:05:00,73.1
2022-06-08 17:10:00,73.33
2022-06-08 17:15:00,74.02
2022-06-08 17:20:00,74.82
2022-06-08 17:25:00,75.3
2022-06-08 17:30:00,75.21
2022-06-08 17:35:00,74.6
2022-06-08 17:40:00,74.25
2022-06-08 17:45:00,74.04
2022-06-08 17:50:00,74.73
2022-06-08 17:55:00,75.57
2022-06-08 18:00:00,76.52
2022-06-08 18:05:00,77.83
2022-06-08 18:10:00,79.15
2022-06-08 18:15:00,80.5
2022-06-08 18:20:00,81.7
2022-06-08 18:25:00,82.2
2022-06-08 18:30:00,82.7
2022-06-08 18:35:00,83.1
2022-06-08 18:40:00,83.3
2022-06-08 18:45:00,83.4
2022-06-08 18:50:00,83.4
2022-06-08 18:55:00,83.3
2022-06-08 19:00:00,83.6
2022-06-08 19:05:00,83.9
2022-06-08 19:10:00,84.2
2022-06-08 19:15:00,84.3
2022-06-08 19:20:00,84.4
2022-06-08 19:25:00,84.5
2022-06-08 19:30:00,84.5
2022-06-08 19:35:00,84.3
2022-06-08 19:40:00,84.5
2022-06-08 19:45:00,85.3
2022-06-08 19:50:00,86.3
2022-06-08 19:55:00,87.6
2022-06-08 20:00:00,89.1
2022-06-08 20:05:00,89.9
2022-06-08 20:10:00,90.6
2022-06-08 20:15:00,91.0
2022-06-08 20:20:00,90.9
2022-06-08 20:25:00,91.1
2022-06-08 20:30:00,90.8
2022-06-08 20:35:00,90.5
2022-06-08 20:40:00,90.4
2022-06-08 20:45:00,90.8
2022-06-08 20:50:00,91.3
2022-06-08 20:55:00,92.0
2022-06-08 21:00:00,92.5
2022-06-08 21:05:00,92.8
2022-06-08 21:10:00,93.1
2022-06-08 21:15:00,93.2
2022-06-08 21:20:00,93.7
2022-06-08 21:25:00,94.0
2022-06-08 21:30:00,94.2
2022-06-08 21:35:00,94.4
2022-06-08 21:40:00,94.7
2022-06-08 21:45:00,95.1
2022-06-08 21:50:00,95.5
2022-06-08 21:55:00,95.4
2022-06-08 22:00:00,94.8
2022-06-08 22:05:00,93.7
2022-06-08 22:10:00,92.9
2022-06-08 22:15:00,92.7
2022-06-08 22:20:00,92.8
2022-06-08 22:25:00,92.6
2022-06-08 22:30:00,92.4
2022-06-08 22:35:00,92.4
2022-06-08 22:40:00,92.2
2022-06-08 22:45:00,92.3
2022-06-08 22:50:00,92.5
2022-06-08 22:55:00,92.7
2022-06-08 23:00:00,92.6
2022-06-08 23:05:00,92.6
2022-06-08 23:10:00,92.4
2022-06-08 23:15:00,92.0
2022-06-08 23:20:00,91.8
2022-06-08 23:25:00,91.1
2022-06-08 23:30:00,91.0
2022-06-08 23:35:00,91.2
2022-06-08 23:40:00,91.2
2022-06-08 23:45:00,91.4
2022-06-08 23:50:00,91.9
2022-06-08 23:55:00,92.3
2022-06-09 00:00:00,92.6
2022-06-09 00:05:00,92.9
2022-06-09 00:10:00,93.2
2022-06-09 00:15:00,93.4
2022-06-09 00:20:00,93.3
2022-06-09 00:25:00,92.5
2022-06-09 00:30:00,91.0
2022-06-09 00:35:00,90.9
2022-06-09 00:40:00,91.1
2022-06-09 00:45:00,91.4
2022-06-09 00:50:00,91.3
2022-06-09 00:55:00,91.4
2022-06-09 01:00:00,91.8
2022-06-09 01:05:00,92.3
2022-06-09 01:10:00,92.4
2022-06-09 01:15:00,91.8
2022-06-09 01:20:00,91.0
2022-06-09 01:25:00,89.9
2022-06-09 01:30:00,89.5
2022-06-09 01:35:00,89.6
2022-06-09 01:40:00,89.6
2022-06-09 01:45:00,89.8
2022-06-09 01:50:00,89.9
2022-06-09 01:55:00,90.1
2022-06-09 02:00:00,90.3
2022-06-09 02:05:00,90.4
2022-06-09 02:10:00,90.6
2022-06-09 02:15:00,90.7
2022-06-09 02:20:00,90.7
2022-06-09 02:25:00,91.4
2022-06-09 02:30:00,92.1
2022-06-09 02:35:00,92.6
2022-06-09 02:40:00,92.9
2022-06-09 02:45:00,93.1
2022-06-09 02:50:00,93.1
2022-06-09 02:55:00,93.3
2022-06-09 03:00:00,93.3
2022-06-09 03:05:00,93.7
2022-06-09 03:10:00,93.8
2022-06-09 03:15:00,93.8
2022-06-09 03:20:00,93.7
2022-06-09 03:25:00,94.2
2022-06-09 03:30:00,94.3
2022-06-09 03:35:00,94.6
2022-06-09 03:40:00,95.2
2022-06-09 03:45:00,95.8
2022-06-09 03:50:00,96.2
2022-06-09 03:55:00,96.5
2022-06-09 04:00:00,96.8
2022-06-09 04:05:00,97.0
2022-06-09 04:10:00,97.2
2022-06-09 04:15:00,97.3
2022-06-09 04:20:00,97.4
2022-06-09 04:25:00,97.4
2022-06-09 04:30:00,97.3
2022-06-09 04:35:00,97.2
2022-06-09 04:40:00,97.3
2022-06-09 04:45:00,97.4
2022-06-09 04:50:00,97.5
2022-06-09 04:55:00,97.5
2022-06-09 05:00:00,97.6
2022-06-09 05:05:00,97.7
2022-06-09 05:10:00,97.7
2022-06-09 05:15:00,97.6
2022-06-09 05:20:00,97.6
2022-06-09 05:25:00,97.6
2022-06-09 05:30:00,97.6
2022-06-09 05:35:00,97.4
2022-06-09 05:40:00,97.1
2022-06-09 05:45:00,97.1
2022-06-09 05:50:00,96.9
2022-06-09 05:55:00,96.9
2022-06-09 06:00:00,96.9
2022-06-09 06:05:00,96.9
2022-06-09 06:10:00,96.8
2022-06-09 06:15:00,97.0
2022-06-09 06:20:00,97.0
2022-06-09 06:25:00,97.0
2022-06-09 06:30:00,97.0
2022-06-09 06:35:00,97.0
2022-06-09 06:40:00,97.1
2022-06-09 06:45:00,97.1
2022-06-09 06:50:00,97.1
2022-06-09 06:55:00,97.1
2022-06-09 07:00:00,96.9
2022-06-09 07:05:00,96.9
2022-06-09 07:10:00,96.7
2022-06-09 07:15:00,96.5
2022-06-09 07:20:00,96.2
2022-06-09 07:25:00,95.8
2022-06-09 07:30:00,95.2
2022-06-09 07:35:00,94.4
2022-06-09 07:40:00,93.5
2022-06-09 07:45:00,92.6
2022-06-09 07:50:00,91.6
2022-06-09 07:55:00,90.4
2022-06-09 08:00:00,89.2
2022-06-09 08:05:00,88.0
2022-06-09 08:10:00,87.0
2022-06-09 08:15:00,85.5
2022-06-09 08:20:00,84.8
2022-06-09 08:25:00,83.6
2022-06-09 08:30:00,82.4
2022-06-09 08:35:00,81.4
2022-06-09 08:40:00,80.5
2022-06-09 08:45:00,79.07
2022-06-09 08:50:00,78.16
2022-06-09 08:55:00,77.27
2022-06-09 09:00:00,76.34
2022-06-09 09:05:00,75.89
2022-06-09 09:10:00,75.45
2022-06-09 09:15:00,74.98
2022-06-09 09:20:00,74.08
2022-06-09 09:25:00,72.82
2022-06-09 09:30:00,71.83
2022-06-09 09:35:00,73.09
2022-06-09 09:40:00,72.62
2022-06-09 09:45:00,72.48
2022-06-09 09:50:00,72.22
2022-06-09 09:55:00,72.03
2022-06-09 10:00:00,70.97
2022-06-09 10:05:00,69.16
2022-06-09 10:10:00,70.04
2022-06-09 10:15:00,69.78
2022-06-09 10:20:00,70.04
2022-06-09 10:25:00,69.46
2022-06-09 10:30:00,68.43
2022-06-09 10:35:00,69.04
2022-06-09 10:40:00,69.85
2022-06-09 10:45:00,70.07
2022-06-09 10:50:00,72.21
2022-06-09 10:55:00,72.87
2022-06-09 11:00:00,73.54
2022-06-09 11:05:00,74.18
2022-06-09 11:10:00,72.64
2022-06-09 11:15:00,72.66
2022-06-09 11:20:00,72.96
2022-06-09 11:25:00,72.74
2022-06-09 11:30:00,72.84
2022-06-09 11:35:00,73.21
2022-06-09 11:40:00,74.15
2022-06-09 11:45:00,73.86
2022-06-09 11:50:00,73.22
2022-06-09 11:55:00,73.06
2022-06-09 12:00:00,73.94
2022-06-09 12:05:00,72.94
2022-06-09 12:10:00,73.64
2022-06-09 12:15:00,74.73
2022-06-09 12:20:00,75.8
2022-06-09 12:25:00,76.69
2022-06-09 12:30:00,76.18
2022-06-09 12:35:00,75.56
2022-06-09 12:40:00,73.53
2022-06-09 12:45:00,74.76
2022-06-09 12:50:00,76.99
2022-06-09 12:55:00,76.71
2022-06-09 13:00:00,76.79
2022-06-09 13:05:00,76.68
2022-06-09 13:10:00,76.86
2022-06-09 13:15:00,77.09
2022-06-09 13:20:00,77.73
2022-06-09 13:25:00,77.87
2022-06-09 13:30:00,78.42
2022-06-09 13:35:00,79.62
2022-06-09 13:40:00,79.32
2022-06-09 13:45:00,79.01
2022-06-09 13:50:00,76.74
2022-06-09 13:55:00,76.83
2022-06-09 14:00:00,77.57
2022-06-09 14:05:00,77.22
2022-06-09 14:10:00,77.47
2022-06-09 14:15:00,76.36
2022-06-09 14:20:00,75.88
2022-06-09 14:25:00,77.62
2022-06-09 14:30:00,77.2
2022-06-09 14:35:00,76.89
2022-06-09 14:40:00,77.89
2022-06-09 14:45:00,78.6
2022-06-09 14:50:00,79.53
2022-06-09 14:55:00,79.91
2022-06-09 15:00:00,77.62
2022-06-09 15:05:00,77.13
2022-06-09 15:10:00,78.75
2022-06-09 15:15:00,78.0
2022-06-09 15:20:00,77.9
2022-06-09 15:25:00,79.56
2022-06-09 15:30:00,78.43
2022-06-09 15:35:00,79.05
2022-06-09 15:40:00,80.1
2022-06-09 15:45:00,79.6
2022-06-09 15:50:00,80.2
2022-06-09 15:55:00,80.3
2022-06-09 16:00:00,80.4
2022-06-09 16:05:00,80.3
2022-06-09 16:10:00,79.99
2022-06-09 16:15:00,80.7
2022-06-09 16:20:00,80.9
2022-06-09 16:25:00,81.4
2022-06-09 16:30:00,81.4
2022-06-09 16:35:00,81.1
2022-06-09 16:40:00,81.3
2022-06-09 16:45:00,81.9
2022-06-09 16:50:00,82.8
2022-06-09 16:55:00,83.4
2022-06-09 17:00:00,83.9
2022-06-09 17:05:00,84.2
2022-06-09 17:10:00,84.3
2022-06-09 17:15:00,84.3
2022-06-09 17:20:00,84.5
2022-06-09 17:25:00,84.7
2022-06-09 17:30:00,84.8
2022-06-09 17:35:00,84.8
2022-06-09 17:40:00,85.1
2022-06-09 17:45:00,85.3
2022-06-09 17:50:00,85.6
2022-06-09 17:55:00,85.9
2022-06-09 18:00:00,86.0
2022-06-09 18:05:00,86.1
2022-06-09 18:10:00,86.1
2022-06-09 18:15:00,86.3
2022-06-09 18:20:00,86.3
2022-06-09 18:25:00,86.1
2022-06-09 18:30:00,86.2
2022-06-09 18:35:00,86.2
2022-06-09 18:40:00,86.2
2022-06-09 18:45:00,86.7
2022-06-09 18:50:00,87.1
2022-06-09 18:55:00,87.4
2022-06-09 19:00:00,87.6
2022-06-09 19:05:00,87.8
2022-06-09 19:10:00,88.0
2022-06-09 19:15:00,88.2
2022-06-09 19:20:00,88.4
2022-06-09 19:25:00,88.7
2022-06-09 19:30:00,88.9
2022-06-09 19:35:00,89.4
2022-06-09 19:40:00,89.8
2022-06-09 19:45:00,90.0
2022-06-09 19:50:00,90.1
2022-06-09 19:55:00,90.3
2022-06-09 20:00:00,90.7
2022-06-09 20:05:00,91.0
2022-06-09 20:10:00,91.2
2022-06-09 20:15:00,92.0
2022-06-09 20:20:00,92.9
2022-06-09 20:25:00,93.5
2022-06-09 20:30:00,94.0
2022-06-09 20:35:00,94.4
2022-06-09 20:40:00,94.7
2022-06-09 20:45:00,94.7
2022-06-09 20:50:00,94.8
2022-06-09 20:55:00,95.1
2022-06-09 21:00:00,95.2
2022-06-09 21:05:00,95.4
2022-06-09 21:10:00,95.6
2022-06-09 21:15:00,95.7
2022-06-09 21:20:00,95.9
2022-06-09 21:25:00,96.1
2022-06-09 21:30:00,96.2
2022-06-09 21:35:00,96.3
2022-06-09 21:40:00,96.4
2022-06-09 21:45:00,96.4
2022-06-09 21:50:00,96.4
2022-06-09 21:55:00,96.4
2022-06-09 22:00:00,96.4
2022-06-09 22:05:00,96.3
2022-06-09 22:10:00,96.2
2022-06-09 22:15:00,96.4
2022-06-09 22:20:00,96.5
2022-06-09 22:25:00,96.6
2022-06-09 22:30:00,96.7
2022-06-09 22:35:00,96.7
2022-06-09 22:40:00,96.9
2022-06-09 22:45:00,97.0
2022-06-09 22:50:00,97.1
2022-06-09 22:55:00,97.2
2022-06-09 23:00:00,97.4
2022-06-09 23:05:00,97.5
2022-06-09 23:10:00,97.6
2022-06-09 23:15:00,97.7
2022-06-09 23:20:00,97.7
2022-06-09 23:25:00,97.8
2022-06-09 23:30:00,97.8
2022-06-09 23:35:00,97.8
2022-06-09 23:40:00,97.8
2022-06-09 23:45:00,97.8
2022-06-09 23:50:00,97.8
2022-06-09 23:55:00,97.7
2022-06-10 00:00:00,97.7
2022-06-10 00:05:00,97.7
2022-06-10 00:10:00,97.7
2022-06-10 00:15:00,97.7
2022-06-10 00:20:00,97.7
2022-06-10 00:25:00,97.6
2022-06-10 00:30:00,97.6
2022-06-10 00:35:00,97.6
2022-06-10 00:40:00,97.6
2022-06-10 00:45:00,97.6
2022-06-10 00:50:00,97.6
2022-06-10 00:55:00,97.5
2022-06-10 01:00:00,97.4
2022-06-10 01:05:00,97.4
2022-06-10 01:10:00,97.4
2022-06-10 01:15:00,97.5
2022-06-10 01:20:00,97.5
2022-06-10 01:25:00,97.5
2022-06-10 01:30:00,97.6
2022-06-10 01:35:00,97.6
2022-06-10 01:40:00,97.7
2022-06-10 01:45:00,97.8
2022-06-10 01:50:00,97.9
2022-06-10 01:55:00,98.0
2022-06-10 02:00:00,98.0
2022-06-10 02:05:00,98.2
2022-06-10 02:10:00,98.2
2022-06-10 02:15:00,98.3
2022-06-10 02:20:00,98.4
2022-06-10 02:25:00,98.4
2022-06-10 02:30:00,98.5
2022-06-10 02:35:00,98.6
2022-06-10 02:40:00,98.6
2022-06-10 02:45:00,98.6
2022-06-10 02:50:00,98.7
2022-06-10 02:55:00,98.7
2022-06-10 03:00:00,98.7
2022-06-10 03:05:00,98.8
2022-06-10 03:10:00,98.8
2022-06-10 03:15:00,98.8
2022-06-10 03:20:00,98.9
2022-06-10 03:25:00,98.9
2022-06-10 03:30:00,98.9
2022-06-10 03:35:00,99.0
2022-06-10 03:40:00,99.0
2022-06-10 03:45:00,99.0
2022-06-10 03:50:00,99.0
2022-06-10 03:55:00,99.1
2022-06-10 04:00:00,99.1
2022-06-10 04:05:00,99.1
2022-06-10 04:10:00,99.1
2022-06-10 04:15:00,99.2
2022-06-10 04:20:00,99.2
2022-06-10 04:25:00,99.2
2022-06-10 04:30:00,99.2
2022-06-10 04:35:00,99.2
2022-06-10 04:40:00,99.3
2022-06-10 04:45:00,99.3
2022-06-10 04:50:00,99.3
2022-06-10 04:55:00,99.3
2022-06-10 05:00:00,99.3
2022-06-10 05:05:00,99.3
2022-06-10 05:10:00,99.4
2022-06-10 05:15:00,99.4
2022-06-10 05:20:00,99.4
2022-06-10 05:25:00,99.4
2022-06-10 05:30:00,99.4
2022-06-10 05:35:00,99.4
2022-06-10 05:40:00,99.4
2022-06-10 05:45:00,99.4
2022-06-10 05:50:00,99.3
2022-06-10 05:55:00,99.3
2022-06-10 06:00:00,99.3
2022-06-10 06:05:00,99.3
2022-06-10 06:10:00,99.3
2022-06-10 06:15:00,99.2
2022-06-10 06:20:00,99.3
2022-06-10 06:25:00,99.3
2022-06-10 06:30:00,99.3
2022-06-10 06:35:00,99.3
2022-06-10 06:40:00,99.3
2022-06-10 06:45:00,99.2
2022-06-10 06:50:00,99.2
2022-06-10 06:55:00,99.2
2022-06-10 07:00:00,99.0
2022-06-10 07:05:00,99.1
2022-06-10 07:10:00,98.9
2022-06-10 07:15:00,98.9
2022-06-10 07:20:00,98.8
2022-06-10 07:25:00,98.5
2022-06-10 07:30:00,98.0
2022-06-10 07:35:00,97.1
2022-06-10 07:40:00,95.5
2022-06-10 07:45:00,92.9
2022-06-10 07:50:00,90.0
2022-06-10 07:55:00,88.0
2022-06-10 08:00:00,86.8
2022-06-10 08:05:00,85.6
2022-06-10 08:10:00,84.0
2022-06-10 08:15:00,82.4
2022-06-10 08:20:00,82.2
2022-06-10 08:25:00,81.0
2022-06-10 08:30:00,78.92
2022-06-10 08:35:00,77.12
2022-06-10 08:40:00,76.35
2022-06-10 08:45:00,75.27
2022-06-10 08:50:00,74.39
2022-06-10 08:55:00,72.85
2022-06-10 09:00:00,72.24
2022-06-10 09:05:00,71.72
2022-06-10 09:10:00,70.83
2022-06-10 09:15:00,70.01
2022-06-10 09:20:00,69.45
2022-06-10 09:25:00,69.03
2022-06-10 09:30:00,68.16
2022-06-10 09:35:00,67.54
2022-06-10 09:40:00,67.92
2022-06-10 09:45:00,66.53
2022-06-10 09:50:00,65.6
2022-06-10 09:55:00,65.44
2022-06-10 10:00:00,64.03
2022-06-10 10:05:00,63.41
2022-06-10 10:10:00,63.32
2022-06-10 10:15:00,63.17
2022-06-10 10:20:00,62.35
2022-06-10 10:25:00,62.6
2022-06-10 10:30:00,61.1
2022-06-10 10:35:00,61.24
2022-06-10 10:40:00,59.55
2022-06-10 10:45:00,58.61
2022-06-10 10:50:00,58.45
2022-06-10 10:55:00,58.44
2022-06-10 11:00:00,57.58
2022-06-10 11:05:00,56.3
2022-06-10 11:10:00,56.14
2022-06-10 11:15:00,55.93
2022-06-10 11:20:00,56.03
2022-06-10 11:25:00,55.94
2022-06-10 11:30:00,55.75
2022-06-10 11:35:00,53.98
2022-06-10 11:40:00,52.84
2022-06-10 11:45:00,53.21
2022-06-10 11:50:00,53.78
2022-06-10 11:55:00,52.89
2022-06-10 12:00:00,52.94
2022-06-10 12:05:00,53.29
2022-06-10 12:10:00,52.24
2022-06-10 12:15:00,52.85
2022-06-10 12:20:00,52.37
2022-06-10 12:25:00,52.86
2022-06-10 12:30:00,52.88
2022-06-10 12:35:00,53.07
2022-06-10 12:40:00,52.43
2022-06-10 12:45:00,52.71
2022-06-10 12:50:00,53.14
2022-06-10 12:55:00,52.59
2022-06-10 13:00:00,51.97
2022-06-10 13:05:00,52.37
2022-06-10 13:10:00,51.53
2022-06-10 13:15:00,52.12
2022-06-10 13:20:00,52.37
2022-06-10 13:25:00,52.35
2022-06-10 13:30:00,51.73
2022-06-10 13:35:00,51.7
2022-06-10 13:40:00,51.15
2022-06-10 13:45:00,51.05
2022-06-10 13:50:00,50.61
2022-06-10 13:55:00,49.63
2022-06-10 14:00:00,50.06
2022-06-10 14:05:00,50.18
2022-06-10 14:10:00,50.56
2022-06-10 14:15:00,49.97
2022-06-10 14:20:00,49.89
2022-06-10 14:25:00,50.15
2022-06-10 14:30:00,49.69
2022-06-10 14:35:00,50.63
2022-06-10 14:40:00,50.1
2022-06-10 14:45:00,49.6
2022-06-10 14:50:00,49.47
2022-06-10 14:55:00,50.37
2022-06-10 15:00:00,50.74
2022-06-10 15:05:00,49.34
2022-06-10 15:10:00,49.1
2022-06-10 15:15:00,48.99
2022-06-10 15:20:00,49.34
2022-06-10 15:25:00,49.84
2022-06-10 15:30:00,49.69
2022-06-10 15:35:00,49.8
2022-06-10 15:40:00,49.54
2022-06-10 15:45:00,49.86
2022-06-10 15:50:00,50.23
2022-06-10 15:55:00,50.48
2022-06-10 16:00:00,59.43
2022-06-10 16:05:00,65.44
2022-06-10 16:10:00,66.71
2022-06-10 16:15:00,67.27
2022-06-10 16:20:00,69.92
2022-06-10 16:25:00,70.77
2022-06-10 16:30:00,71.59
2022-06-10 16:35:00,73.09
2022-06-10 16:40:00,74.27
2022-06-10 16:45:00,75.19
2022-06-10 16:50:00,76.08
2022-06-10 16:55:00,76.01
2022-06-10 17:00:00,76.43
2022-06-10 17:05:00,76.84
2022-06-10 17:10:00,76.88
2022-06-10 17:15:00,77.06
2022-06-10 17:20:00,76.91
2022-06-10 17:25:00,76.85
2022-06-10 17:30:00,76.82
2022-06-10 17:35:00,76.74
2022-06-10 17:40:00,76.82
2022-06-10 17:45:00,76.52
2022-06-10 17:50:00,76.25
2022-06-10 17:55:00,75.79
2022-06-10 18:00:00,74.71
2022-06-10 18:05:00,73.5
2022-06-10 18:10:00,72.45
2022-06-10 18:15:00,72.15
2022-06-10 18:20:00,72.74
2022-06-10 18:25:00,72.85
2022-06-10 18:30:00,73.12
2022-06-10 18:35:00,73.87
2022-06-10 18:40:00,74.16
2022-06-10 18:45:00,74.16
2022-06-10 18:50:00,74.84
2022-06-10 18:55:00,74.59
2022-06-10 19:00:00,74.53
2022-06-10 19:05:00,74.27
2022-06-10 19:10:00,73.32
2022-06-10 19:15:00,73.53
2022-06-10 19:20:00,74.27
2022-06-10 19:25:00,74.6
2022-06-10 19:30:00,74.41
2022-06-10 19:35:00,74.76
2022-06-10 19:40:00,74.96
2022-06-10 19:45:00,75.53
2022-06-10 19:50:00,75.89
2022-06-10 19:55:00,76.06
2022-06-10 20:00:00,76.54
2022-06-10 20:05:00,76.82
2022-06-10 20:10:00,77.26
2022-06-10 20:15:00,77.38
2022-06-10 20:20:00,77.72
2022-06-10 20:25:00,78.2
2022-06-10 20:30:00,78.81
2022-06-10 20:35:00,79.25
2022-06-10 20:40:00,79.85
2022-06-10 20:45:00,80.2
2022-06-10 20:50:00,80.4
2022-06-10 20:55:00,80.7
2022-06-10 21:00:00,80.9
2022-06-10 21:05:00,81.5
2022-06-10 21:10:00,82.4
2022-06-10 21:15:00,83.1
2022-06-10 21:20:00,84.0
2022-06-10 21:25:00,84.5
2022-06-10 21:30:00,85.1
2022-06-10 21:35:00,85.4
2022-06-10 21:40:00,85.9
2022-06-10 21:45:00,86.2
2022-06-10 21:50:00,86.5
2022-06-10 21:55:00,86.8
2022-06-10 22:00:00,86.9
2022-06-10 22:05:00,87.0
2022-06-10 22:10:00,87.1
2022-06-10 22:15:00,87.2
2022-06-10 22:20:00,87.1
2022-06-10 22:25:00,87.3
2022-06-10 22:30:00,87.6
2022-06-10 22:35:00,88.0
2022-06-10 22:40:00,88.3
2022-06-10 22:45:00,88.8
2022-06-10 22:50:00,89.1
2022-06-10 22:55:00,89.4
2022-06-10 23:00:00,89.7
2022-06-10 23:05:00,90.0
2022-06-10 23:10:00,90.5
2022-06-10 23:15:00,90.9
2022-06-10 23:20:00,91.3
2022-06-10 23:25:00,91.5
2022-06-10 23:30:00,91.7
2022-06-10 23:35:00,91.8
2022-06-10 23:40:00,92.1
2022-06-10 23:45:00,92.3
2022-06-10 23:50:00,92.5
2022-06-10 23:55:00,92.7
2022-06-11 00:00:00,93.1
2022-06-11 00:05:00,93.7
2022-06-11 00:10:00,94.1
2022-06-11 00:15:00,94.3
2022-06-11 00:20:00,94.6
2022-06-11 00:25:00,94.9
2022-06-11 00:30:00,95.1
2022-06-11 00:35:00,95.2
2022-06-11 00:40:00,94.8
2022-06-11 00:45:00,92.1
2022-06-11 00:50:00,89.8
2022-06-11 00:55:00,88.5
2022-06-11 01:00:00,87.9
2022-06-11 01:05:00,87.4
2022-06-11 01:10:00,87.4
2022-06-11 01:15:00,87.6
2022-06-11 01:20:00,88.0
2022-06-11 01:25:00,88.2
2022-06-11 01:30:00,87.9
2022-06-11 01:35:00,87.6
2022-06-11 01:40:00,87.2
2022-06-11 01:45:00,86.7
2022-06-11 01:50:00,86.3
2022-06-11 01:55:00,86.6
2022-06-11 02:00:00,88.8
2022-06-11 02:05:00,90.6
2022-06-11 02:10:00,91.4
2022-06-11 02:15:00,91.9
2022-06-11 02:20:00,92.2
2022-06-11 02:25:00,92.6
2022-06-11 02:30:00,92.9
2022-06-11 02:35:00,93.0
2022-06-11 02:40:00,93.2
2022-06-11 02:45:00,93.4
2022-06-11 02:50:00,92.5
2022-06-11 02:55:00,90.8
2022-06-11 03:00:00,88.3
2022-06-11 03:05:00,87.4
2022-06-11 03:10:00,87.6
2022-06-11 03:15:00,87.8
2022-06-11 03:20:00,88.1
2022-06-11 03:25:00,88.4
2022-06-11 03:30:00,88.7
2022-06-11 03:35:00,88.9
2022-06-11 03:40:00,88.5
2022-06-11 03:45:00,87.9
2022-06-11 03:50:00,86.9
2022-06-11 03:55:00,84.8
2022-06-11 04:00:00,83.5
2022-06-11 04:05:00,82.6
2022-06-11 04:10:00,81.8
2022-06-11 04:15:00,81.8
2022-06-11 04:20:00,82.0
2022-06-11 04:25:00,82.1
2022-06-11 04:30:00,82.1
2022-06-11 04:35:00,81.9
2022-06-11 04:40:00,81.8
2022-06-11 04:45:00,81.8
2022-06-11 04:50:00,81.9
2022-06-11 04:55:00,82.2
2022-06-11 05:00:00,82.7
2022-06-11 05:05:00,82.9
2022-06-11 05:10:00,82.7
2022-06-11 05:15:00,82.7
2022-06-11 05:20:00,82.5
2022-06-11 05:25:00,82.9
2022-06-11 05:30:00,83.0
2022-06-11 05:35:00,83.0
2022-06-11 05:40:00,83.0
2022-06-11 05:45:00,82.9
2022-06-11 05:50:00,83.2
2022-06-11 05:55:00,83.1
2022-06-11 06:00:00,83.0
2022-06-11 06:05:00,82.4
2022-06-11 06:10:00,82.3
2022-06-11 06:15:00,82.3
2022-06-11 06:20:00,82.5
2022-06-11 06:25:00,82.8
2022-06-11 06:30:00,82.6
2022-06-11 06:35:00,82.3
2022-06-11 06:40:00,82.0
2022-06-11 06:45:00,81.3
2022-06-11 06:50:00,80.7
2022-06-11 06:55:00,80.2
2022-06-11 07:00:00,79.91
2022-06-11 07:05:00,79.85
2022-06-11 07:10:00,79.83
2022-06-11 07:15:00,80.2
2022-06-11 07:20:00,80.3
2022-06-11 07:25:00,80.4
2022-06-11 07:30:00,80.0
2022-06-11 07:35:00,79.99
2022-06-11 07:40:00,79.41
2022-06-11 07:45:00,79.61
2022-06-11 07:50:00,79.38
2022-06-11 07:55:00,78.83
2022-06-11 08:00:00,78.72
2022-06-11 08:05:00,78.21
2022-06-11 08:10:00,77.88
2022-06-11 08:15:00,78.04
2022-06-11 08:20:00,78.16
2022-06-11 08:25:00,78.08
2022-06-11 08:30:00,77.84
2022-06-11 08:35:00,78.03
2022-06-11 08:40:00,78.16
2022-06-11 08:45:00,78.15
2022-06-11 08:50:00,78.02
2022-06-11 08:55:00,77.97
2022-06-11 09:00:00,77.69
2022-06-11 09:05:00,77.06
2022-06-11 09:10:00,76.82
2022-06-11 09:15:00,76.57
2022-06-11 09:20:00,76.04
2022-06-11 09:25:00,76.0
2022-06-11 09:30:00,75.91
2022-06-11 09:35:00,75.66
2022-06-11 09:40:00,74.9
2022-06-11 09:45:00,74.18
2022-06-11 09:50:00,73.54
2022-06-11 09:55:00,73.54
2022-06-11 10:00:00,73.98
2022-06-11 10:05:00,73.14
2022-06-11 10:10:00,72.86
2022-06-11 10:15:00,72.29
2022-06-11 10:20:00,71.98
2022-06-11 10:25:00,70.55
2022-06-11 10:30:00,67.52
2022-06-11 10:35:00,65.54
2022-06-11 10:40:00,65.79
2022-06-11 10:45:00,67.72
2022-06-11 10:50:00,68.66
2022-06-11 10:55:00,69.14
2022-06-11 11:00:00,69.29
2022-06-11 11:05:00,69.46
2022-06-11 11:10:00,69.42
2022-06-11 11:15:00,70.02
2022-06-11 11:20:00,70.8
2022-06-11 11:25:00,69.05
2022-06-11 11:30:00,68.22
2022-06-11 11:35:00,69.29
2022-06-11 11:40:00,69.15
2022-06-11 11:45:00,69.35
2022-06-11 11:50:00,68.23
2022-06-11 11:55:00,66.22
2022-06-11 12:00:00,67.7
2022-06-11 12:05:00,68.1
2022-06-11 12:10:00,66.34
2022-06-11 12:15:00,64.75
2022-06-11 12:20:00,65.51
2022-06-11 12:25:00,65.94
2022-06-11 12:30:00,66.21
2022-06-11 12:35:00,66.04
2022-06-11 12:40:00,66.32
2022-06-11 12:45:00,66.18
2022-06-11 12:50:00,66.87
2022-06-11 12:55:00,67.29
2022-06-11 13:00:00,67.71
2022-06-11 13:05:00,67.76
2022-06-11 13:10:00,68.4
2022-06-11 13:15:00,68.98
2022-06-11 13:20:00,69.01
2022-06-11 13:25:00,69.11
2022-06-11 13:30:00,69.56
2022-06-11 13:35:00,69.95
2022-06-11 13:40:00,70.1
2022-06-11 13:45:00,70.1
2022-06-11 13:50:00,69.15
2022-06-11 13:55:00,68.61
2022-06-11 14:00:00,68.24
2022-06-11 14:05:00,68.02
2022-06-11 14:10:00,68.14
2022-06-11 14:15:00,68.18
2022-06-11 14:20:00,68.8
2022-06-11 14:25:00,69.04
2022-06-11 14:30:00,69.57
2022-06-11 14:35:00,70.22
2022-06-11 14:40:00,69.94
2022-06-11 14:45:00,69.2
2022-06-11 14:50:00,68.69
2022-06-11 14:55:00,69.01
2022-06-11 15:00:00,69.69
2022-06-11 15:05:00,70.49
2022-06-11 15:10:00,71.23
2022-06-11 15:15:00,71.61
2022-06-11 15:20:00,71.89
2022-06-11 15:25:00,72.99
2022-06-11 15:30:00,73.38
2022-06-11 15:35:00,73.48
2022-06-11 15:40:00,73.26
2022-06-11 15:45:00,74.6
2022-06-11 15:50:00,77.59
2022-06-11 15:55:00,79.21
2022-06-11 16:00:00,79.73
2022-06-11 16:05:00,79.22
2022-06-11 16:10:00,79.16
2022-06-11 16:15:00,79.2
2022-06-11 16:20:00,77.91
2022-06-11 16:25:00,78.34
2022-06-11 16:30:00,79.63
2022-06-11 16:35:00,80.8
2022-06-11 16:40:00,81.0
2022-06-11 16:45:00,79.95
2022-06-11 16:50:00,79.17
2022-06-11 16:55:00,78.9
2022-06-11 17:00:00,78.89
2022-06-11 17:05:00,78.69
2022-06-11 17:10:00,78.42
2022-06-11 17:15:00,78.12
2022-06-11 17:20:00,78.24
2022-06-11 17:25:00,78.61
2022-06-11 17:30:00,79.04
2022-06-11 17:35:00,79.54
2022-06-11 17:40:00,79.67
2022-06-11 17:45:00,79.79
2022-06-11 17:50:00,79.7
2022-06-11 17:55:00,79.63
2022-06-11 18:00:00,79.65
2022-06-11 18:05:00,79.76
2022-06-11 18:10:00,79.92
2022-06-11 18:15:00,80.4
2022-06-11 18:20:00,81.0
2022-06-11 18:25:00,81.9
2022-06-11 18:30:00,83.4
2022-06-11 18:35:00,85.3
2022-06-11 18:40:00,86.0
2022-06-11 18:45:00,85.9
2022-06-11 18:50:00,85.6
2022-06-11 18:55:00,85.3
2022-06-11 19:00:00,84.8
2022-06-11 19:05:00,84.2
2022-06-11 19:10:00,84.1
2022-06-11 19:15:00,84.2
2022-06-11 19:20:00,83.8
2022-06-11 19:25:00,83.4
2022-06-11 19:30:00,83.3
2022-06-11 19:35:00,82.8
2022-06-11 19:40:00,82.0
2022-06-11 19:45:00,80.9
2022-06-11 19:50:00,80.5
2022-06-11 19:55:00,80.9
2022-06-11 20:00:00,80.8
2022-06-11 20:05:00,80.8
2022-06-11 20:10:00,80.6
2022-06-11 20:15:00,80.7
2022-06-11 20:20:00,80.6
2022-06-11 20:25:00,80.5
2022-06-11 20:30:00,80.5
2022-06-11 20:35:00,80.4
2022-06-11 20:40:00,80.5
2022-06-11 20:45:00,80.3
2022-06-11 20:50:00,80.2
2022-06-11 20:55:00,79.97
2022-06-11 21:00:00,80.0
2022-06-11 21:05:00,79.84
2022-06-11 21:10:00,79.58
2022-06-11 21:15:00,79.54
2022-06-11 21:20:00,79.66
2022-06-11 21:25:00,79.78
2022-06-11 21:30:00,79.84
2022-06-11 21:35:00,80.1
2022-06-11 21:40:00,79.96
2022-06-11 21:45:00,79.69
2022-06-11 21:50:00,79.54
2022-06-11 21:55:00,79.56
2022-06-11 22:00:00,80.1
2022-06-11 22:05:00,80.2
2022-06-11 22:10:00,79.96
2022-06-11 22:15:00,79.92
2022-06-11 22:20:00,79.96
2022-06-11 22:25:00,80.1
2022-06-11 22:30:00,79.85
2022-06-11 22:35:00,80.1
2022-06-11 22:40:00,80.3
2022-06-11 22:45:00,80.4
2022-06-11 22:50:00,80.4
2022-06-11 22:55:00,80.6
2022-06-11 23:00:00,80.5
2022-06-11 23:05:00,80.3
2022-06-11 23:10:00,80.6
2022-06-11 23:15:00,81.0
2022-06-11 23:20:00,81.0
2022-06-11 23:25:00,81.3
2022-06-11 23:30:00,80.8
2022-06-11 23:35:00,80.4
2022-06-11 23:40:00,80.6
2022-06-11 23:45:00,80.9
2022-06-11 23:50:00,80.5
2022-06-11 23:55:00,80.8
2022-06-12 00:00:00,80.6
2022-06-12 00:05:00,80.6
2022-06-12 00:10:00,80.4
2022-06-12 00:15:00,80.8
2022-06-12 00:20:00,81.4
2022-06-12 00:25:00,82.0
2022-06-12 00:30:00,82.0
2022-06-12 00:35:00,81.5
2022-06-12 00:40:00,81.9
2022-06-12 00:45:00,82.1
2022-06-12 00:50:00,82.4
2022-06-12 00:55:00,82.5
2022-06-12 01:00:00,82.2
2022-06-12 01:05:00,81.6
2022-06-12 01:10:00,81.0
2022-06-12 01:15:00,81.0
2022-06-12 01:20:00,80.7
2022-06-12 01:25:00,80.3
2022-06-12 01:30:00,80.6
2022-06-12 01:35:00,80.8
2022-06-12 01:40:00,81.3
2022-06-12 01:45:00,81.5
2022-06-12 01:50:00,81.8
2022-06-12 01:55:00,82.8
2022-06-12 02:00:00,82.5
2022-06-12 02:05:00,82.1
2022-06-12 02:10:00,81.4
2022-06-12 02:15:00,81.2
2022-06-12 02:20:00,81.0
2022-06-12 02:25:00,81.0
2022-06-12 02:30:00,81.0
2022-06-12 02:35:00,81.0
2022-06-12 02:40:00,81.1
2022-06-12 02:45:00,81.0
2022-06-12 02:50:00,81.4
2022-06-12 02:55:00,81.6
2022-06-12 03:00:00,81.7
2022-06-12 03:05:00,81.8
2022-06-12 03:10:00,81.9
2022-06-12 03:15:00,82.1
2022-06-12 03:20:00,82.2
2022-06-12 03:25:00,82.3
2022-06-12 03:30:00,82.2
2022-06-12 03:35:00,82.1
2022-06-12 03:40:00,82.1
2022-06-12 03:45:00,82.0
2022-06-12 03:50:00,82.0
2022-06-12 03:55:00,82.5
2022-06-12 04:00:00,82.9
2022-06-12 04:05:00,83.0
2022-06-12 04:10:00,83.3
2022-06-12 04:15:00,84.5
2022-06-12 04:20:00,85.6
2022-06-12 04:25:00,86.1
2022-06-12 04:30:00,86.5
2022-06-12 04:35:00,86.7
2022-06-12 04:40:00,86.8
2022-06-12 04:45:00,87.1
2022-06-12 04:50:00,87.3
2022-06-12 04:55:00,87.3
2022-06-12 05:00:00,86.8
2022-06-12 05:05:00,86.8
2022-06-12 05:10:00,86.9
2022-06-12 05:15:00,87.2
2022-06-12 05:20:00,87.5
2022-06-12 05:25:00,87.9
2022-06-12 05:30:00,88.3
2022-06-12 05:35:00,88.4
2022-06-12 05:40:00,88.4
2022-06-12 05:45:00,88.6
2022-06-12 05:50:00,88.4
2022-06-12 05:55:00,88.4
2022-06-12 06:00:00,88.8
2022-06-12 06:05:00,89.3
2022-06-12 06:10:00,89.5
2022-06-12 06:15:00,89.7
2022-06-12 06:20:00,89.8
2022-06-12 06:25:00,90.1
2022-06-12 06:30:00,90.3
2022-06-12 06:35:00,90.4
2022-06-12 06:40:00,90.6
2022-06-12 06:45:00,90.7
2022-06-12 06:50:00,90.6
2022-06-12 06:55:00,90.4
2022-06-12 07:00:00,89.9
2022-06-12 07:05:00,89.0
2022-06-12 07:10:00,87.6
2022-06-12 07:15:00,86.4
2022-06-12 07:20:00,85.5
2022-06-12 07:25:00,85.2
2022-06-12 07:30:00,85.2
2022-06-12 07:35:00,85.0
2022-06-12 07:40:00,84.9
2022-06-12 07:45:00,84.7
2022-06-12 07:50:00,84.0
2022-06-12 07:55:00,83.8
2022-06-12 08:00:00,83.5
2022-06-12 08:05:00,83.0
2022-06-12 08:10:00,82.7
2022-06-12 08:15:00,82.8
2022-06-12 08:20:00,83.0
2022-06-12 08:25:00,83.6
2022-06-12 08:30:00,83.2
2022-06-12 08:35:00,82.7
2022-06-12 08:40:00,82.2
2022-06-12 08:45:00,81.8
2022-06-12 08:50:00,80.8
2022-06-12 08:55:00,80.0
2022-06-12 09:00:00,79.3
2022-06-12 09:05:00,79.65
2022-06-12 09:10:00,80.3
2022-06-12 09:15:00,79.99
2022-06-12 09:20:00,80.1
2022-06-12 09:25:00,79.28
2022-06-12 09:30:00,79.13
2022-06-12 09:35:00,78.95
2022-06-12 09:40:00,78.65
2022-06-12 09:45:00,79.15
2022-06-12 09:50:00,79.05
2022-06-12 09:55:00,79.25
2022-06-12 10:00:00,78.78
2022-06-12 10:05:00,78.91
2022-06-12 10:10:00,77.92
2022-06-12 10:15:00,77.55
2022-06-12 10:20:00,76.33
2022-06-12 10:25:00,76.64
2022-06-12 10:30:00,76.85
2022-06-12 10:35:00,75.79
2022-06-12 10:40:00,75.77
2022-06-12 10:45:00,76.28
2022-06-12 10:50:00,75.12
2022-06-12 10:55:00,75.61
2022-06-12 11:00:00,73.95
2022-06-12 11:05:00,73.65
2022-06-12 11:10:00,72.84
2022-06-12 11:15:00,74.02
2022-06-12 11:20:00,73.36
2022-06-12 11:25:00,73.15
2022-06-12 11:30:00,74.7
2022-06-12 11:35:00,78.17
2022-06-12 11:40:00,78.99
2022-06-12 11:45:00,80.2
2022-06-12 11:50:00,80.2
2022-06-12 11:55:00,80.2
2022-06-12 12:00:00,80.6
2022-06-12 12:05:00,80.2
2022-06-12 12:10:00,79.45
2022-06-12 12:15:00,78.07
2022-06-12 12:20:00,78.57
2022-06-12 12:25:00,78.35
2022-06-12 12:30:00,78.33
2022-06-12 12:35:00,78.02
2022-06-12 12:40:00,78.92
2022-06-12 12:45:00,80.4
2022-06-12 12:50:00,81.1
2022-06-12 12:55:00,82.5
2022-06-12 13:00:00,82.4
2022-06-12 13:05:00,82.0
2022-06-12 13:10:00,83.4
2022-06-12 13:15:00,83.3
2022-06-12 13:20:00,83.0
2022-06-12 13:25:00,82.9
2022-06-12 13:30:00,82.2
2022-06-12 13:35:00,81.6
2022-06-12 13:40:00,82.5
2022-06-12 13:45:00,82.8
2022-06-12 13:50:00,82.2
2022-06-12 13:55:00,81.0
2022-06-12 14:00:00,81.9
2022-06-12 14:05:00,81.7
2022-06-12 14:10:00,82.0
2022-06-12 14:15:00,82.8
2022-06-12 14:20:00,81.9
2022-06-12 14:25:00,82.0
2022-06-12 14:30:00,82.7
2022-06-12 14:35:00,83.0
2022-06-12 14:40:00,82.8
2022-06-12 14:45:00,82.7
2022-06-12 14:50:00,83.1
2022-06-12 14:55:00,83.3
2022-06-12 15:00:00,83.9
2022-06-12 15:05:00,84.2
2022-06-12 15:10:00,83.8
2022-06-12 15:15:00,83.8
2022-06-12 15:20:00,84.0
2022-06-12 15:25:00,83.7
2022-06-12 15:30:00,83.6
2022-06-12 15:35:00,83.5
2022-06-12 15:40:00,83.6
2022-06-12 15:45:00,83.6
2022-06-12 15:50:00,83.6
2022-06-12 15:55:00,83.7
2022-06-12 16:00:00,84.0
2022-06-12 16:05:00,84.0
2022-06-12 16:10:00,84.4
2022-06-12 16:15:00,84.6
2022-06-12 16:20:00,85.3
2022-06-12 16:25:00,85.7
2022-06-12 16:30:00,85.8
2022-06-12 16:35:00,85.8
2022-06-12 16:40:00,86.1
2022-06-12 16:45:00,86.4
2022-06-12 16:50:00,86.6
2022-06-12 16:55:00,86.6
2022-06-12 17:00:00,86.8
2022-06-12 17:05:00,86.9
2022-06-12 17:10:00,87.1
2022-06-12 17:15:00,87.2
2022-06-12 17:20:00,87.2
2022-06-12 17:25:00,87.2
2022-06-12 17:30:00,87.2
2022-06-12 17:35:00,87.3
2022-06-12 17:40:00,87.5
2022-06-12 17:45:00,87.6
2022-06-12 17:50:00,87.7
2022-06-12 17:55:00,87.8
2022-06-12 18:00:00,88.0
2022-06-12 18:05:00,88.2
2022-06-12 18:10:00,88.2
2022-06-12 18:15:00,88.1
2022-06-12 18:20:00,88.1
2022-06-12 18:25:00,88.2
2022-06-12 18:30:00,88.2
2022-06-12 18:35:00,88.2
2022-06-12 18:40:00,88.1
2022-06-12 18:45:00,88.1
2022-06-12 18:50:00,88.1
2022-06-12 18:55:00,88.2
2022-06-12 19:00:00,88.5
2022-06-12 19:05:00,88.8
2022-06-12 19:10:00,89.2
2022-06-12 19:15:00,89.6
2022-06-12 19:20:00,90.0
2022-06-12 19:25:00,90.5
2022-06-12 19:30:00,90.8
2022-06-12 19:35:00,91.0
2022-06-12 19:40:00,91.3
2022-06-12 19:45:00,91.5
2022-06-12 19:50:00,91.6
2022-06-12 19:55:00,91.7
2022-06-12 20:00:00,91.5
2022-06-12 20:05:00,91.4
2022-06-12 20:10:00,91.3
2022-06-12 20:15:00,91.2
2022-06-12 20:20:00,91.1
2022-06-12 20:25:00,90.9
2022-06-12 20:30:00,90.6
2022-06-12 20:35:00,90.5
2022-06-12 20:40:00,90.6
2022-06-12 20:45:00,90.9
2022-06-12 20:50:00,91.0
2022-06-12 20:55:00,91.1
2022-06-12 21:00:00,91.1
2022-06-12 21:05:00,90.9
2022-06-12 21:10:00,90.5
2022-06-12 21:15:00,89.9
2022-06-12 21:20:00,89.7
2022-06-12 21:25:00,89.5
2022-06-12 21:30:00,89.2
2022-06-12 21:35:00,88.7
2022-06-12 21:40:00,88.1
2022-06-12 21:45:00,87.7
2022-06-12 21:50:00,86.7
2022-06-12 21:55:00,85.8
2022-06-12 22:00:00,85.6
2022-06-12 22:05:00,85.3
2022-06-12 22:10:00,85.2
2022-06-12 22:15:00,85.1
2022-06-12 22:20:00,85.4
2022-06-12 22:25:00,85.5
2022-06-12 22:30:00,85.6
2022-06-12 22:35:00,85.9
2022-06-12 22:40:00,86.4
2022-06-12 22:45:00,87.2
2022-06-12 22:50:00,88.8
2022-06-12 22:55:00,89.4
2022-06-12 23:00:00,89.8
2022-06-12 23:05:00,90.7
2022-06-12 23:10:00,92.3
2022-06-12 23:15:00,93.0
2022-06-12 23:20:00,92.7
2022-06-12 23:25:00,92.0
2022-06-12 23:30:00,91.3
2022-06-12 23:35:00,90.8
2022-06-12 23:40:00,90.9
2022-06-12 23:45:00,91.1
2022-06-12 23:50:00,91.7
2022-06-12 23:55:00,92.6
2022-06-13 00:00:00,93.3
2022-06-13 00:05:00,93.7
2022-06-13 00:10:00,93.9
2022-06-13 00:15:00,93.7
2022-06-13 00:20:00,93.0
2022-06-13 00:25:00,92.1
2022-06-13 00:30:00,91.2
2022-06-13 00:35:00,90.8
2022-06-13 00:40:00,90.4
2022-06-13 00:45:00,90.4
2022-06-13 00:50:00,89.9
2022-06-13 00:55:00,89.5
2022-06-13 01:00:00,89.1
2022-06-13 01:05:00,88.9
2022-06-13 01:10:00,88.8
2022-06-13 01:15:00,88.3
2022-06-13 01:20:00,87.7
2022-06-13 01:25:00,87.6
2022-06-13 01:30:00,87.2
2022-06-13 01:35:00,86.9
2022-06-13 01:40:00,86.9
2022-06-13 01:45:00,86.9
2022-06-13 01:50:00,86.7
2022-06-13 01:55:00,86.4
2022-06-13 02:00:00,86.6
2022-06-13 02:05:00,86.5
2022-06-13 02:10:00,86.4
2022-06-13 02:15:00,86.5
2022-06-13 02:20:00,86.7
2022-06-13 02:25:00,86.7
2022-06-13 02:30:00,86.7
2022-06-13 02:35:00,86.6
2022-06-13 02:40:00,86.3
2022-06-13 02:45:00,86.1
2022-06-13 02:50:00,86.2
2022-06-13 02:55:00,86.2
2022-06-13 03:00:00,86.1
2022-06-13 03:05:00,86.0
2022-06-13 03:10:00,85.7
2022-06-13 03:15:00,85.7
2022-06-13 03:20:00,85.8
2022-06-13 03:25:00,85.6
2022-06-13 03:30:00,85.7
2022-06-13 03:35:00,85.8
2022-06-13 03:40:00,86.0
2022-06-13 03:45:00,86.2
2022-06-13 03:50:00,86.4
2022-06-13 03:55:00,86.2
2022-06-13 04:00:00,85.8
2022-06-13 04:05:00,85.6
2022-06-13 04:10:00,85.0
2022-06-13 04:15:00,84.9
2022-06-13 04:20:00,84.7
2022-06-13 04:25:00,84.4
2022-06-13 04:30:00,84.0
2022-06-13 04:35:00,83.9
2022-06-13 04:40:00,83.8
2022-06-13 04:45:00,83.5
2022-06-13 04:50:00,83.4
2022-06-13 04:55:00,83.5
2022-06-13 05:00:00,83.6
2022-06-13 05:05:00,83.7
2022-06-13 05:10:00,83.8
2022-06-13 05:15:00,83.4
2022-06-13 05:20:00,83.3
2022-06-13 05:25:00,83.2
2022-06-13 05:30:00,82.9
2022-06-13 05:35:00,82.5
2022-06-13 05:40:00,82.3
2022-06-13 05:45:00,82.3
2022-06-13 05:50:00,82.3
2022-06-13 05:55:00,82.0
2022-06-13 06:00:00,81.9
2022-06-13 06:05:00,81.8
2022-06-13 06:10:00,81.8
2022-06-13 06:15:00,81.6
2022-06-13 06:20:00,81.5
2022-06-13 06:25:00,81.1
2022-06-13 06:30:00,80.3
2022-06-13 06:35:00,80.3
2022-06-13 06:40:00,79.78
2022-06-13 06:45:00,79.3
2022-06-13 06:50:00,79.19
2022-06-13 06:55:00,78.58
2022-06-13 07:00:00,78.23
2022-06-13 07:05:00,78.31
2022-06-13 07:10:00,77.8
2022-06-13 07:15:00,77.47
2022-06-13 07:20:00,77.19
2022-06-13 07:25:00,77.04
2022-06-13 07:30:00,77.05
2022-06-13 07:35:00,76.62
2022-06-13 07:40:00,76.5
2022-06-13 07:45:00,76.15
2022-06-13 07:50:00,75.9
2022-06-13 07:55:00,75.43
2022-06-13 08:00:00,74.57
2022-06-13 08:05:00,74.12
2022-06-13 08:10:00,73.49
2022-06-13 08:15:00,73.19
2022-06-13 08:20:00,72.81
2022-06-13 08:25:00,72.55
2022-06-13 08:30:00,72.31
2022-06-13 08:35:00,71.53
2022-06-13 08:40:00,71.18
2022-06-13 08:45:00,70.93
2022-06-13 08:50:00,70.99
2022-06-13 08:55:00,70.99
2022-06-13 09:00:00,70.8
2022-06-13 09:05:00,70.36
2022-06-13 09:10:00,70.27
2022-06-13 09:15:00,69.65
2022-06-13 09:20:00,69.32
2022-06-13 09:25:00,69.27
2022-06-13 09:30:00,69.16
2022-06-13 09:35:00,68.79
2022-06-13 09:40:00,67.92
2022-06-13 09:45:00,67.52
2022-06-13 09:50:00,67.72
2022-06-13 09:55:00,67.67
2022-06-13 10:00:00,66.96
2022-06-13 10:05:00,65.16
2022-06-13 10:10:00,64.94
2022-06-13 10:15:00,64.12
2022-06-13 10:20:00,63.26
2022-06-13 10:25:00,62.03
2022-06-13 10:30:00,62.33
2022-06-13 10:35:00,62.39
2022-06-13 10:40:00,62.16
2022-06-13 10:45:00,62.13
2022-06-13 10:50:00,62.25
2022-06-13 10:55:00,62.87
2022-06-13 11:00:00,63.02
2022-06-13 11:05:00,63.91
2022-06-13 11:10:00,64.08
2022-06-13 11:15:00,63.59
2022-06-13 11:20:00,63.03
2022-06-13 11:25:00,63.3
2022-06-13 11:30:00,63.95
2022-06-13 11:35:00,64.18
2022-06-13 11:40:00,64.58
2022-06-13 11:45:00,64.62
2022-06-13 11:50:00,64.5
2022-06-13 11:55:00,64.16
2022-06-13 12:00:00,64.51
2022-06-13 12:05:00,64.36
2022-06-13 12:10:00,63.21
2022-06-13 12:15:00,62.97
2022-06-13 12:20:00,64.86
2022-06-13 12:25:00,66.8
2022-06-13 12:30:00,67.46
2022-06-13 12:35:00,66.94
2022-06-13 12:40:00,68.04
2022-06-13 12:45:00,67.53
2022-06-13 12:50:00,68.56
2022-06-13 12:55:00,69.78
2022-06-13 13:00:00,69.86
2022-06-13 13:05:00,70.86
2022-06-13 13:10:00,70.69
2022-06-13 13:15:00,70.23
2022-06-13 13:20:00,70.11
2022-06-13 13:25:00,70.12
2022-06-13 13:30:00,70.28
2022-06-13 13:35:00,71.0
2022-06-13 13:40:00,71.34
2022-06-13 13:45:00,71.29
2022-06-13 13:50:00,72.14
2022-06-13 13:55:00,72.06
2022-06-13 14:00:00,73.34
2022-06-13 14:05:00,73.95
2022-06-13 14:10:00,73.82
2022-06-13 14:15:00,74.73
2022-06-13 14:20:00,75.29
2022-06-13 14:25:00,75.59
2022-06-13 14:30:00,76.03
2022-06-13 14:35:00,75.42
2022-06-13 14:40:00,74.04
2022-06-13 14:45:00,73.57
2022-06-13 14:50:00,72.91
2022-06-13 14:55:00,72.77
2022-06-13 15:00:00,73.54
2022-06-13 15:05:00,74.2
2022-06-13 15:10:00,73.0
2022-06-13 15:15:00,72.12
2022-06-13 15:20:00,71.73
2022-06-13 15:25:00,71.89
2022-06-13 15:30:00,69.75
2022-06-13 15:35:00,68.78
2022-06-13 15:40:00,69.02
2022-06-13 15:45:00,67.44
2022-06-13 15:50:00,66.42
2022-06-13 15:55:00,65.29
2022-06-13 16:00:00,64.94
2022-06-13 16:05:00,64.91
2022-06-13 16:10:00,64.2
2022-06-13 16:15:00,64.13
2022-06-13 16:20:00,64.89
2022-06-13 16:25:00,65.06
2022-06-13 16:30:00,64.76
2022-06-13 16:35:00,64.96
2022-06-13 16:40:00,65.3
2022-06-13 16:45:00,65.74
2022-06-13 16:50:00,66.03
2022-06-13 16:55:00,66.25
2022-06-13 17:00:00,66.87
2022-06-13 17:05:00,67.77
2022-06-13 17:10:00,68.14
2022-06-13 17:15:00,68.73
2022-06-13 17:20:00,69.34
2022-06-13 17:25:00,69.62
2022-06-13 17:30:00,69.75
2022-06-13 17:35:00,70.37
2022-06-13 17:40:00,70.54
2022-06-13 17:45:00,71.04
2022-06-13 17:50:00,71.37
2022-06-13 17:55:00,70.96
2022-06-13 18:00:00,71.24
2022-06-13 18:05:00,71.73
2022-06-13 18:10:00,71.98
2022-06-13 18:15:00,72.05
2022-06-13 18:20:00,72.36
2022-06-13 18:25:00,72.24
