TIMESTAMP,Temp1_Avg
2022-06-06 18:35:00,21.82
2022-06-06 18:40:00,21.87
2022-06-06 18:45:00,21.84
2022-06-06 18:50:00,21.64
2022-06-06 18:55:00,21.44
2022-06-06 19:00:00,21.38
2022-06-06 19:05:00,21.38
2022-06-06 19:10:00,21.44
2022-06-06 19:15:00,21.38
2022-06-06 19:20:00,21.42
2022-06-06 19:25:00,21.38
2022-06-06 19:30:00,21.15
2022-06-06 19:35:00,20.79
2022-06-06 19:40:00,20.45
2022-06-06 19:45:00,20.23
2022-06-06 19:50:00,20.1
2022-06-06 19:55:00,20.06
2022-06-06 20:00:00,20.28
2022-06-06 20:05:00,20.42
2022-06-06 20:10:00,20.44
2022-06-06 20:15:00,20.31
2022-06-06 20:20:00,20.29
2022-06-06 20:25:00,20.25
2022-06-06 20:30:00,20.23
2022-06-06 20:35:00,20.16
2022-06-06 20:40:00,20.12
2022-06-06 20:45:00,20.11
2022-06-06 20:50:00,20.15
2022-06-06 20:55:00,20.03
2022-06-06 21:00:00,19.96
2022-06-06 21:05:00,19.91
2022-06-06 21:10:00,19.87
2022-06-06 21:15:00,19.84
2022-06-06 21:20:00,19.82
2022-06-06 21:25:00,19.77
2022-06-06 21:30:00,19.66
2022-06-06 21:35:00,19.49
2022-06-06 21:40:00,19.3
2022-06-06 21:45:00,19.15
2022-06-06 21:50:00,18.95
2022-06-06 21:55:00,18.78
2022-06-06 22:00:00,18.65
2022-06-06 22:05:00,18.56
2022-06-06 22:10:00,18.47
2022-06-06 22:15:00,18.41
2022-06-06 22:20:00,18.37
2022-06-06 22:25:00,18.31
2022-06-06 22:30:00,18.26
2022-06-06 22:35:00,18.22
2022-06-06 22:40:00,18.18
2022-06-06 22:45:00,18.14
2022-06-06 22:50:00,18.03
2022-06-06 22:55:00,17.99
2022-06-06 23:00:00,18.0
2022-06-06 23:05:00,18.02
2022-06-06 23:10:00,18.01
2022-06-06 23:15:00,18.03
2022-06-06 23:20:00,18.02
2022-06-06 23:25:00,18.0
2022-06-06 23:30:00,18.02
2022-06-06 23:35:00,17.95
2022-06-06 23:40:00,17.96
2022-06-06 23:45:00,18.01
2022-06-06 23:50:00,17.97
2022-06-06 23:55:00,17.99
2022-06-07 00:00:00,17.97
2022-06-07 00:05:00,17.94
2022-06-07 00:10:00,17.91
2022-06-07 00:15:00,17.83
2022-06-07 00:20:00,17.71
2022-06-07 00:25:00,17.62
2022-06-07 00:30:00,17.55
2022-06-07 00:35:00,17.52
2022-06-07 00:40:00,17.48
2022-06-07 00:45:00,17.46
2022-06-07 00:50:00,17.46
2022-06-07 00:55:00,17.43
2022-06-07 01:00:00,17.46
2022-06-07 01:05:00,17.42
2022-06-07 01:10:00,17.26
2022-06-07 01:15:00,17.21
2022-06-07 01:20:00,17.23
2022-06-07 01:25:00,17.21
2022-06-07 01:30:00,17.12
2022-06-07 01:35:00,17.08
2022-06-07 01:40:00,16.96
2022-06-07 01:45:00,16.83
2022-06-07 01:50:00,16.74
2022-06-07 01:55:00,16.83
2022-06-07 02:00:00,17.01
2022-06-07 02:05:00,17.18
2022-06-07 02:10:00,17.29
2022-06-07 02:15:00,17.5
2022-06-07 02:20:00,17.61
2022-06-07 02:25:00,17.57
2022-06-07 02:30:00,17.41
2022-06-07 02:35:00,17.25
2022-06-07 02:40:00,17.21
2022-06-07 02:45:00,17.19
2022-06-07 02:50:00,17.17
2022-06-07 02:55:00,17.23
2022-06-07 03:00:00,17.4
2022-06-07 03:05:00,17.53
2022-06-07 03:10:00,17.71
2022-06-07 03:15:00,17.98
2022-06-07 03:20:00,18.04
2022-06-07 03:25:00,18.01
2022-06-07 03:30:00,17.91
2022-06-07 03:35:00,17.74
2022-06-07 03:40:00,17.44
2022-06-07 03:45:00,17.23
2022-06-07 03:50:00,17.14
2022-06-07 03:55:00,17.05
2022-06-07 04:00:00,16.98
2022-06-07 04:05:00,16.91
2022-06-07 04:10:00,17.0
2022-06-07 04:15:00,17.21
2022-06-07 04:20:00,17.08
2022-06-07 04:25:00,16.9
2022-06-07 04:30:00,16.92
2022-06-07 04:35:00,16.78
2022-06-07 04:40:00,16.62
2022-06-07 04:45:00,16.67
2022-06-07 04:50:00,16.69
2022-06-07 04:55:00,16.72
2022-06-07 05:00:00,16.73
2022-06-07 05:05:00,16.82
2022-06-07 05:10:00,16.72
2022-06-07 05:15:00,16.62
2022-06-07 05:20:00,16.55
2022-06-07 05:25:00,16.46
2022-06-07 05:30:00,16.59
2022-06-07 05:35:00,16.64
2022-06-07 05:40:00,16.69
2022-06-07 05:45:00,16.7
2022-06-07 05:50:00,16.82
2022-06-07 05:55:00,16.72
2022-06-07 06:00:00,16.68
2022-06-07 06:05:00,16.6
2022-06-07 06:10:00,16.58
2022-06-07 06:15:00,16.47
2022-06-07 06:20:00,16.54
2022-06-07 06:25:00,16.68
2022-06-07 06:30:00,16.53
2022-06-07 06:35:00,16.59
2022-06-07 06:40:00,16.44
2022-06-07 06:45:00,16.35
2022-06-07 06:50:00,16.38
2022-06-07 06:55:00,16.64
2022-06-07 07:00:00,16.92
2022-06-07 07:05:00,17.22
2022-06-07 07:10:00,17.52
2022-06-07 07:15:00,17.78
2022-06-07 07:20:00,17.99
2022-06-07 07:25:00,18.29
2022-06-07 07:30:00,18.69
2022-06-07 07:35:00,19.1
2022-06-07 07:40:00,19.4
2022-06-07 07:45:00,19.59
2022-06-07 07:50:00,19.82
2022-06-07 07:55:00,20.13
2022-06-07 08:00:00,20.36
2022-06-07 08:05:00,20.49
2022-06-07 08:10:00,20.67
2022-06-07 08:15:00,20.96
2022-06-07 08:20:00,21.21
2022-06-07 08:25:00,21.53
2022-06-07 08:30:00,21.74
2022-06-07 08:35:00,21.86
2022-06-07 08:40:00,22.21
2022-06-07 08:45:00,22.76
2022-06-07 08:50:00,23.21
2022-06-07 08:55:00,23.56
2022-06-07 09:00:00,23.94
2022-06-07 09:05:00,24.02
2022-06-07 09:10:00,24.31
2022-06-07 09:15:00,24.41
2022-06-07 09:20:00,24.62
2022-06-07 09:25:00,24.58
2022-06-07 09:30:00,24.86
2022-06-07 09:35:00,24.99
2022-06-07 09:40:00,25.05
2022-06-07 09:45:00,25.14
2022-06-07 09:50:00,25.62
2022-06-07 09:55:00,25.51
2022-06-07 10:00:00,25.61
2022-06-07 10:05:00,26.23
2022-06-07 10:10:00,25.87
2022-06-07 10:15:00,26.06
2022-06-07 10:20:00,26.45
2022-06-07 10:25:00,26.24
2022-06-07 10:30:00,26.47
2022-06-07 10:35:00,26.5
2022-06-07 10:40:00,26.59
2022-06-07 10:45:00,26.75
2022-06-07 10:50:00,27.08
2022-06-07 10:55:00,27.15
2022-06-07 11:00:00,27.28
2022-06-07 11:05:00,27.67
2022-06-07 11:10:00,27.54
2022-06-07 11:15:00,27.73
2022-06-07 11:20:00,27.62
2022-06-07 11:25:00,28.03
2022-06-07 11:30:00,28.09
2022-06-07 11:35:00,28.29
2022-06-07 11:40:00,28.3
2022-06-07 11:45:00,28.63
2022-06-07 11:50:00,28.23
2022-06-07 11:55:00,28.36
2022-06-07 12:00:00,28.79
2022-06-07 12:05:00,28.32
2022-06-07 12:10:00,28.55
2022-06-07 12:15:00,28.72
2022-06-07 12:20:00,28.92
2022-06-07 12:25:00,29.19
2022-06-07 12:30:00,28.97
2022-06-07 12:35:00,29.21
2022-06-07 12:40:00,29.25
2022-06-07 12:45:00,29.43
2022-06-07 12:50:00,29.54
2022-06-07 12:55:00,29.46
2022-06-07 13:00:00,29.91
2022-06-07 13:05:00,29.79
2022-06-07 13:10:00,29.62
2022-06-07 13:15:00,29.9
2022-06-07 13:20:00,29.98
2022-06-07 13:25:00,29.94
2022-06-07 13:30:00,30.01
2022-06-07 13:35:00,30.34
2022-06-07 13:40:00,30.26
2022-06-07 13:45:00,30.11
2022-06-07 13:50:00,30.48
2022-06-07 13:55:00,30.36
2022-06-07 14:00:00,30.05
2022-06-07 14:05:00,29.98
2022-06-07 14:10:00,29.43
2022-06-07 14:15:00,29.45
2022-06-07 14:20:00,29.21
2022-06-07 14:25:00,29.41
2022-06-07 14:30:00,29.54
2022-06-07 14:35:00,29.62
2022-06-07 14:40:00,29.45
2022-06-07 14:45:00,29.39
2022-06-07 14:50:00,29.77
2022-06-07 14:55:00,29.73
2022-06-07 15:00:00,29.77
2022-06-07 15:05:00,29.61
2022-06-07 15:10:00,29.9
2022-06-07 15:15:00,30.07
2022-06-07 15:20:00,29.53
2022-06-07 15:25:00,29.32
2022-06-07 15:30:00,29.47
2022-06-07 15:35:00,29.45
2022-06-07 15:40:00,29.24
2022-06-07 15:45:00,29.28
2022-06-07 15:50:00,29.23
2022-06-07 15:55:00,29.08
2022-06-07 16:00:00,28.96
2022-06-07 16:05:00,28.82
2022-06-07 16:10:00,28.76
2022-06-07 16:15:00,28.72
2022-06-07 16:20:00,28.61
2022-06-07 16:25:00,28.52
2022-06-07 16:30:00,28.35
2022-06-07 16:35:00,28.26
2022-06-07 16:40:00,28.09
2022-06-07 16:45:00,27.87
2022-06-07 16:50:00,27.69
2022-06-07 16:55:00,27.5
2022-06-07 17:00:00,27.21
2022-06-07 17:05:00,26.98
2022-06-07 17:10:00,26.81
2022-06-07 17:15:00,26.72
2022-06-07 17:20:00,26.47
2022-06-07 17:25:00,26.33
2022-06-07 17:30:00,26.12
2022-06-07 17:35:00,25.73
2022-06-07 17:40:00,25.66
2022-06-07 17:45:00,25.57
2022-06-07 17:50:00,25.43
2022-06-07 17:55:00,25.29
2022-06-07 18:00:00,25.13
2022-06-07 18:05:00,25.03
2022-06-07 18:10:00,24.99
2022-06-07 18:15:00,24.85
2022-06-07 18:20:00,24.64
2022-06-07 18:25:00,24.4
2022-06-07 18:30:00,24.24
2022-06-07 18:35:00,24.38
2022-06-07 18:40:00,24.53
2022-06-07 18:45:00,24.51
2022-06-07 18:50:00,24.32
2022-06-07 18:55:00,24.25
2022-06-07 19:00:00,24.31
2022-06-07 19:05:00,24.14
2022-06-07 19:10:00,24.14
2022-06-07 19:15:00,24.11
2022-06-07 19:20:00,24.0
2022-06-07 19:25:00,23.87
2022-06-07 19:30:00,23.89
2022-06-07 19:35:00,23.77
2022-06-07 19:40:00,23.79
2022-06-07 19:45:00,23.39
2022-06-07 19:50:00,23.12
2022-06-07 19:55:00,23.12
2022-06-07 20:00:00,23.17
2022-06-07 20:05:00,23.2
2022-06-07 20:10:00,23.16
2022-06-07 20:15:00,23.08
2022-06-07 20:20:00,22.95
2022-06-07 20:25:00,22.98
2022-06-07 20:30:00,22.99
2022-06-07 20:35:00,22.65
2022-06-07 20:40:00,22.41
2022-06-07 20:45:00,22.77
2022-06-07 20:50:00,22.35
2022-06-07 20:55:00,22.23
2022-06-07 21:00:00,21.95
2022-06-07 21:05:00,21.67
2022-06-07 21:10:00,21.48
2022-06-07 21:15:00,21.4
2022-06-07 21:20:00,21.18
2022-06-07 21:25:00,21.07
2022-06-07 21:30:00,21.33
2022-06-07 21:35:00,21.26
2022-06-07 21:40:00,21.21
2022-06-07 21:45:00,21.21
2022-06-07 21:50:00,21.16
2022-06-07 21:55:00,20.94
2022-06-07 22:00:00,20.62
2022-06-07 22:05:00,20.58
2022-06-07 22:10:00,20.68
2022-06-07 22:15:00,20.66
2022-06-07 22:20:00,20.57
2022-06-07 22:25:00,20.45
2022-06-07 22:30:00,20.46
2022-06-07 22:35:00,20.48
2022-06-07 22:40:00,20.32
2022-06-07 22:45:00,20.22
2022-06-07 22:50:00,20.2
2022-06-07 22:55:00,19.88
2022-06-07 23:00:00,19.91
2022-06-07 23:05:00,20.0
2022-06-07 23:10:00,20.28
2022-06-07 23:15:00,20.61
2022-06-07 23:20:00,20.36
2022-06-07 23:25:00,20.55
2022-06-07 23:30:00,20.6
2022-06-07 23:35:00,20.29
2022-06-07 23:40:00,20.22
2022-06-07 23:45:00,20.1
2022-06-07 23:50:00,19.96
2022-06-07 23:55:00,19.74
2022-06-08 00:00:00,19.61
2022-06-08 00:05:00,19.44
2022-06-08 00:10:00,19.47
2022-06-08 00:15:00,19.52
2022-06-08 00:20:00,19.51
2022-06-08 00:25:00,19.57
2022-06-08 00:30:00,19.59
2022-06-08 00:35:00,19.38
2022-06-08 00:40:00,19.43
2022-06-08 00:45:00,19.44
2022-06-08 00:50:00,19.69
2022-06-08 00:55:00,19.92
2022-06-08 01:00:00,19.78
2022-06-08 01:05:00,19.67
2022-06-08 01:10:00,19.9
2022-06-08 01:15:00,19.86
2022-06-08 01:20:00,19.98
2022-06-08 01:25:00,20.0
2022-06-08 01:30:00,19.98
2022-06-08 01:35:00,20.06
2022-06-08 01:40:00,20.28
2022-06-08 01:45:00,20.03
2022-06-08 01:50:00,19.87
2022-06-08 01:55:00,19.92
2022-06-08 02:00:00,19.74
2022-06-08 02:05:00,19.51
2022-06-08 02:10:00,19.27
2022-06-08 02:15:00,19.08
2022-06-08 02:20:00,18.93
2022-06-08 02:25:00,18.69
2022-06-08 02:30:00,18.66
2022-06-08 02:35:00,18.71
2022-06-08 02:40:00,18.91
2022-06-08 02:45:00,19.11
2022-06-08 02:50:00,19.36
2022-06-08 02:55:00,19.45
2022-06-08 03:00:00,19.49
2022-06-08 03:05:00,19.25
2022-06-08 03:10:00,19.14
2022-06-08 03:15:00,19.02
2022-06-08 03:20:00,18.94
2022-06-08 03:25:00,19.28
2022-06-08 03:30:00,19.52
2022-06-08 03:35:00,20.03
2022-06-08 03:40:00,20.22
2022-06-08 03:45:00,20.02
2022-06-08 03:50:00,19.92
2022-06-08 03:55:00,19.6
2022-06-08 04:00:00,19.45
2022-06-08 04:05:00,19.52
2022-06-08 04:10:00,19.62
2022-06-08 04:15:00,19.86
2022-06-08 04:20:00,19.94
2022-06-08 04:25:00,19.92
2022-06-08 04:30:00,19.95
2022-06-08 04:35:00,19.99
2022-06-08 04:40:00,20.34
2022-06-08 04:45:00,20.0
2022-06-08 04:50:00,20.19
2022-06-08 04:55:00,20.22
2022-06-08 05:00:00,20.12
2022-06-08 05:05:00,20.16
2022-06-08 05:10:00,20.15
2022-06-08 05:15:00,20.02
2022-06-08 05:20:00,19.74
2022-06-08 05:25:00,19.49
2022-06-08 05:30:00,19.2
2022-06-08 05:35:00,18.83
2022-06-08 05:40:00,18.48
2022-06-08 05:45:00,18.29
2022-06-08 05:50:00,17.9
2022-06-08 05:55:00,17.58
2022-06-08 06:00:00,17.44
2022-06-08 06:05:00,17.47
2022-06-08 06:10:00,17.54
2022-06-08 06:15:00,17.72
2022-06-08 06:20:00,17.99
2022-06-08 06:25:00,18.15
2022-06-08 06:30:00,18.23
2022-06-08 06:35:00,18.31
2022-06-08 06:40:00,18.28
2022-06-08 06:45:00,18.27
2022-06-08 06:50:00,18.29
2022-06-08 06:55:00,18.43
2022-06-08 07:00:00,18.66
2022-06-08 07:05:00,18.8
2022-06-08 07:10:00,18.93
2022-06-08 07:15:00,19.05
2022-06-08 07:20:00,19.19
2022-06-08 07:25:00,19.34
2022-06-08 07:30:00,19.68
2022-06-08 07:35:00,20.04
2022-06-08 07:40:00,20.42
2022-06-08 07:45:00,20.71
2022-06-08 07:50:00,20.89
2022-06-08 07:55:00,21.09
2022-06-08 08:00:00,21.49
2022-06-08 08:05:00,22.18
2022-06-08 08:10:00,22.97
2022-06-08 08:15:00,23.1
2022-06-08 08:20:00,23.27
2022-06-08 08:25:00,23.58
2022-06-08 08:30:00,24.22
2022-06-08 08:35:00,24.4
2022-06-08 08:40:00,24.19
2022-06-08 08:45:00,24.25
2022-06-08 08:50:00,24.38
2022-06-08 08:55:00,24.22
2022-06-08 09:00:00,24.27
2022-06-08 09:05:00,24.25
2022-06-08 09:10:00,24.26
2022-06-08 09:15:00,24.65
2022-06-08 09:20:00,24.98
2022-06-08 09:25:00,24.57
2022-06-08 09:30:00,24.62
2022-06-08 09:35:00,24.52
2022-06-08 09:40:00,24.49
2022-06-08 09:45:00,24.69
2022-06-08 09:50:00,24.48
2022-06-08 09:55:00,24.41
2022-06-08 10:00:00,24.66
2022-06-08 10:05:00,24.77
2022-06-08 10:10:00,24.72
2022-06-08 10:15:00,24.79
2022-06-08 10:20:00,24.92
2022-06-08 10:25:00,25.31
2022-06-08 10:30:00,25.49
2022-06-08 10:35:00,25.04
2022-06-08 10:40:00,25.82
2022-06-08 10:45:00,25.79
2022-06-08 10:50:00,25.42
2022-06-08 10:55:00,25.03
2022-06-08 11:00:00,24.93
2022-06-08 11:05:00,24.55
2022-06-08 11:10:00,24.77
2022-06-08 11:15:00,25.26
2022-06-08 11:20:00,25.23
2022-06-08 11:25:00,25.26
2022-06-08 11:30:00,24.87
2022-06-08 11:35:00,25.35
2022-06-08 11:40:00,25.48
2022-06-08 11:45:00,25.36
2022-06-08 11:50:00,25.32
2022-06-08 11:55:00,25.2
2022-06-08 12:00:00,25.29
2022-06-08 12:05:00,25.3
2022-06-08 12:10:00,25.34
2022-06-08 12:15:00,25.75
2022-06-08 12:20:00,25.89
2022-06-08 12:25:00,25.08
2022-06-08 12:30:00,25.24
2022-06-08 12:35:00,25.56
2022-06-08 12:40:00,25.31
2022-06-08 12:45:00,25.18
2022-06-08 12:50:00,25.11
2022-06-08 12:55:00,24.95
2022-06-08 13:00:00,24.58
2022-06-08 13:05:00,24.68
2022-06-08 13:10:00,24.96
2022-06-08 13:15:00,24.8
2022-06-08 13:20:00,24.99
2022-06-08 13:25:00,25.1
2022-06-08 13:30:00,24.76
2022-06-08 13:35:00,25.18
2022-06-08 13:40:00,25.15
2022-06-08 13:45:00,25.15
2022-06-08 13:50:00,25.45
2022-06-08 13:55:00,25.62
2022-06-08 14:00:00,25.76
2022-06-08 14:05:00,26.09
2022-06-08 14:10:00,26.11
2022-06-08 14:15:00,26.17
2022-06-08 14:20:00,26.11
2022-06-08 14:25:00,25.8
2022-06-08 14:30:00,26.25
2022-06-08 14:35:00,25.96
2022-06-08 14:40:00,26.18
2022-06-08 14:45:00,26.26
2022-06-08 14:50:00,26.5
2022-06-08 14:55:00,27.05
2022-06-08 15:00:00,26.63
2022-06-08 15:05:00,26.81
2022-06-08 15:10:00,27.36
2022-06-08 15:15:00,27.12
2022-06-08 15:20:00,27.19
2022-06-08 15:25:00,27.18
2022-06-08 15:30:00,26.82
2022-06-08 15:35:00,26.94
2022-06-08 15:40:00,27.39
2022-06-08 15:45:00,27.41
2022-06-08 15:50:00,27.13
2022-06-08 15:55:00,26.84
2022-06-08 16:00:00,26.84
2022-06-08 16:05:00,26.7
2022-06-08 16:10:00,26.67
2022-06-08 16:15:00,26.81
2022-06-08 16:20:00,26.72
2022-06-08 16:25:00,26.45
2022-06-08 16:30:00,26.24
2022-06-08 16:35:00,26.02
2022-06-08 16:40:00,25.83
2022-06-08 16:45:00,25.7
2022-06-08 16:50:00,25.48
2022-06-08 16:55:00,25.33
2022-06-08 17:00:00,25.16
2022-06-08 17:05:00,25.04
2022-06-08 17:10:00,24.93
2022-06-08 17:15:00,24.76
2022-06-08 17:20:00,24.61
2022-06-08 17:25:00,24.46
2022-06-08 17:30:00,24.26
2022-06-08 17:35:00,24.2
2022-06-08 17:40:00,24.14
2022-06-08 17:45:00,24.18
2022-06-08 17:50:00,24.14
2022-06-08 17:55:00,24.12
2022-06-08 18:00:00,24.01
2022-06-08 18:05:00,23.95
2022-06-08 18:10:00,23.89
2022-06-08 18:15:00,23.78
2022-06-08 18:20:00,23.76
2022-06-08 18:25:00,23.74
2022-06-08 18:30:00,23.63
2022-06-08 18:35:00,23.6
2022-06-08 18:40:00,23.57
2022-06-08 18:45:00,23.56
2022-06-08 18:50:00,23.55
2022-06-08 18:55:00,23.52
2022-06-08 19:00:00,23.43
2022-06-08 19:05:00,23.39
2022-06-08 19:10:00,23.47
2022-06-08 19:15:00,23.54
2022-06-08 19:20:00,23.56
2022-06-08 19:25:00,23.56
2022-06-08 19:30:00,23.55
2022-06-08 19:35:00,23.6
2022-06-08 19:40:00,23.46
2022-06-08 19:45:00,23.15
2022-06-08 19:50:00,22.79
2022-06-08 19:55:00,22.43
2022-06-08 20:00:00,22.08
2022-06-08 20:05:00,22.0
2022-06-08 20:10:00,21.89
2022-06-08 20:15:00,21.73
2022-06-08 20:20:00,21.68
2022-06-08 20:25:00,21.71
2022-06-08 20:30:00,21.79
2022-06-08 20:35:00,21.66
2022-06-08 20:40:00,21.61
2022-06-08 20:45:00,21.59
2022-06-08 20:50:00,21.5
2022-06-08 20:55:00,21.42
2022-06-08 21:00:00,21.29
2022-06-08 21:05:00,21.15
2022-06-08 21:10:00,21.09
2022-06-08 21:15:00,20.93
2022-06-08 21:20:00,20.79
2022-06-08 21:25:00,20.74
2022-06-08 21:30:00,20.68
2022-06-08 21:35:00,20.59
2022-06-08 21:40:00,20.41
2022-06-08 21:45:00,20.32
2022-06-08 21:50:00,20.51
2022-06-08 21:55:00,20.62
2022-06-08 22:00:00,20.79
2022-06-08 22:05:00,20.88
2022-06-08 22:10:00,20.9
2022-06-08 22:15:00,20.84
2022-06-08 22:20:00,20.78
2022-06-08 22:25:00,20.72
2022-06-08 22:30:00,20.74
2022-06-08 22:35:00,20.73
2022-06-08 22:40:00,20.77
2022-06-08 22:45:00,20.73
2022-06-08 22:50:00,20.73
2022-06-08 22:55:00,20.7
2022-06-08 23:00:00,20.64
2022-06-08 23:05:00,20.58
2022-06-08 23:10:00,20.62
2022-06-08 23:15:00,20.67
2022-06-08 23:20:00,20.73
2022-06-08 23:25:00,20.81
2022-06-08 23:30:00,20.8
2022-06-08 23:35:00,20.78
2022-06-08 23:40:00,20.77
2022-06-08 23:45:00,20.78
2022-06-08 23:50:00,20.66
2022-06-08 23:55:00,20.62
2022-06-09 00:00:00,20.59
2022-06-09 00:05:00,20.49
2022-06-09 00:10:00,20.4
2022-06-09 00:15:00,20.41
2022-06-09 00:20:00,20.51
2022-06-09 00:25:00,20.65
2022-06-09 00:30:00,20.91
2022-06-09 00:35:00,20.89
2022-06-09 00:40:00,20.84
2022-06-09 00:45:00,20.87
2022-06-09 00:50:00,20.89
2022-06-09 00:55:00,20.92
2022-06-09 01:00:00,20.93
2022-06-09 01:05:00,20.94
2022-06-09 01:10:00,21.01
2022-06-09 01:15:00,21.15
2022-06-09 01:20:00,21.27
2022-06-09 01:25:00,21.51
2022-06-09 01:30:00,21.65
2022-06-09 01:35:00,21.73
2022-06-09 01:40:00,21.6
2022-06-09 01:45:00,21.55
2022-06-09 01:50:00,21.48
2022-06-09 01:55:00,21.45
2022-06-09 02:00:00,21.44
2022-06-09 02:05:00,21.32
2022-06-09 02:10:00,21.23
2022-06-09 02:15:00,21.25
2022-06-09 02:20:00,20.99
2022-06-09 02:25:00,20.63
2022-06-09 02:30:00,20.57
2022-06-09 02:35:00,20.59
2022-06-09 02:40:00,20.64
2022-06-09 02:45:00,20.78
2022-06-09 02:50:00,20.74
2022-06-09 02:55:00,20.66
2022-06-09 03:00:00,20.6
2022-06-09 03:05:00,20.66
2022-06-09 03:10:00,20.67
2022-06-09 03:15:00,20.67
2022-06-09 03:20:00,20.53
2022-06-09 03:25:00,20.37
2022-06-09 03:30:00,20.25
2022-06-09 03:35:00,20.12
2022-06-09 03:40:00,19.93
2022-06-09 03:45:00,19.76
2022-06-09 03:50:00,19.57
2022-06-09 03:55:00,19.51
2022-06-09 04:00:00,19.46
2022-06-09 04:05:00,19.41
2022-06-09 04:10:00,19.32
2022-06-09 04:15:00,19.28
2022-06-09 04:20:00,19.3
2022-06-09 04:25:00,19.43
2022-06-09 04:30:00,19.46
2022-06-09 04:35:00,19.36
2022-06-09 04:40:00,19.28
2022-06-09 04:45:00,19.26
2022-06-09 04:50:00,19.27
2022-06-09 04:55:00,19.25
2022-06-09 05:00:00,19.22
2022-06-09 05:05:00,19.35
2022-06-09 05:10:00,19.38
2022-06-09 05:15:00,19.39
2022-06-09 05:20:00,19.37
2022-06-09 05:25:00,19.4
2022-06-09 05:30:00,19.46
2022-06-09 05:35:00,19.58
2022-06-09 05:40:00,19.52
2022-06-09 05:45:00,19.43
2022-06-09 05:50:00,19.43
2022-06-09 05:55:00,19.37
2022-06-09 06:00:00,19.43
2022-06-09 06:05:00,19.49
2022-06-09 06:10:00,19.46
2022-06-09 06:15:00,19.45
2022-06-09 06:20:00,19.49
2022-06-09 06:25:00,19.5
2022-06-09 06:30:00,19.54
2022-06-09 06:35:00,19.46
2022-06-09 06:40:00,19.4
2022-06-09 06:45:00,19.38
2022-06-09 06:50:00,19.38
2022-06-09 06:55:00,19.38
2022-06-09 07:00:00,19.29
2022-06-09 07:05:00,19.32
2022-06-09 07:10:00,19.42
2022-06-09 07:15:00,19.52
2022-06-09 07:20:00,19.64
2022-06-09 07:25:00,19.79
2022-06-09 07:30:00,19.97
2022-06-09 07:35:00,20.15
2022-06-09 07:40:00,20.39
2022-06-09 07:45:00,20.63
2022-06-09 07:50:00,20.95
2022-06-09 07:55:00,21.13
2022-06-09 08:00:00,21.39
2022-06-09 08:05:00,21.55
2022-06-09 08:10:00,21.77
2022-06-09 08:15:00,22.05
2022-06-09 08:20:00,22.19
2022-06-09 08:25:00,22.49
2022-06-09 08:30:00,22.53
2022-06-09 08:35:00,22.67
2022-06-09 08:40:00,22.98
2022-06-09 08:45:00,23.39
2022-06-09 08:50:00,23.58
2022-06-09 08:55:00,23.92
2022-06-09 09:00:00,24.18
2022-06-09 09:05:00,24.11
2022-06-09 09:10:00,24.34
2022-06-09 09:15:00,24.63
2022-06-09 09:20:00,24.83
2022-06-09 09:25:00,25.24
2022-06-09 09:30:00,25.31
2022-06-09 09:35:00,24.89
2022-06-09 09:40:00,25.06
2022-06-09 09:45:00,25.18
2022-06-09 09:50:00,25.34
2022-06-09 09:55:00,25.5
2022-06-09 10:00:00,25.95
2022-06-09 10:05:00,26.34
2022-06-09 10:10:00,26.11
2022-06-09 10:15:00,26.05
2022-06-09 10:20:00,25.96
2022-06-09 10:25:00,26.0
2022-06-09 10:30:00,26.39
2022-06-09 10:35:00,26.39
2022-06-09 10:40:00,26.48
2022-06-09 10:45:00,26.35
2022-06-09 10:50:00,25.9
2022-06-09 10:55:00,25.76
2022-06-09 11:00:00,25.59
2022-06-09 11:05:00,25.56
2022-06-09 11:10:00,26.12
2022-06-09 11:15:00,25.74
2022-06-09 11:20:00,25.86
2022-06-09 11:25:00,25.67
2022-06-09 11:30:00,25.78
2022-06-09 11:35:00,25.78
2022-06-09 11:40:00,25.54
2022-06-09 11:45:00,25.73
2022-06-09 11:50:00,25.91
2022-06-09 11:55:00,25.87
2022-06-09 12:00:00,25.67
2022-06-09 12:05:00,26.19
2022-06-09 12:10:00,25.7
2022-06-09 12:15:00,25.44
2022-06-09 12:20:00,25.1
2022-06-09 12:25:00,24.92
2022-06-09 12:30:00,25.21
2022-06-09 12:35:00,25.54
2022-06-09 12:40:00,26.26
2022-06-09 12:45:00,25.7
2022-06-09 12:50:00,25.25
2022-06-09 12:55:00,25.35
2022-06-09 13:00:00,25.3
2022-06-09 13:05:00,25.3
2022-06-09 13:10:00,25.29
2022-06-09 13:15:00,25.34
2022-06-09 13:20:00,25.24
2022-06-09 13:25:00,25.31
2022-06-09 13:30:00,25.07
2022-06-09 13:35:00,24.95
2022-06-09 13:40:00,24.97
2022-06-09 13:45:00,24.82
2022-06-09 13:50:00,25.86
2022-06-09 13:55:00,25.47
2022-06-09 14:00:00,25.44
2022-06-09 14:05:00,25.29
2022-06-09 14:10:00,25.47
2022-06-09 14:15:00,25.76
2022-06-09 14:20:00,25.82
2022-06-09 14:25:00,25.3
2022-06-09 14:30:00,25.27
2022-06-09 14:35:00,25.51
2022-06-09 14:40:00,25.3
2022-06-09 14:45:00,25.2
2022-06-09 14:50:00,24.96
2022-06-09 14:55:00,24.99
2022-06-09 15:00:00,25.52
2022-06-09 15:05:00,25.65
2022-06-09 15:10:00,25.13
2022-06-09 15:15:00,25.19
2022-06-09 15:20:00,25.22
2022-06-09 15:25:00,24.89
2022-06-09 15:30:00,25.25
2022-06-09 15:35:00,24.9
2022-06-09 15:40:00,24.75
2022-06-09 15:45:00,24.83
2022-06-09 15:50:00,24.54
2022-06-09 15:55:00,24.54
2022-06-09 16:00:00,24.62
2022-06-09 16:05:00,24.74
2022-06-09 16:10:00,24.86
2022-06-09 16:15:00,24.7
2022-06-09 16:20:00,24.61
2022-06-09 16:25:00,24.59
2022-06-09 16:30:00,24.63
2022-06-09 16:35:00,24.7
2022-06-09 16:40:00,24.51
2022-06-09 16:45:00,24.34
2022-06-09 16:50:00,24.12
2022-06-09 16:55:00,23.95
2022-06-09 17:00:00,23.89
2022-06-09 17:05:00,23.83
2022-06-09 17:10:00,23.78
2022-06-09 17:15:00,23.77
2022-06-09 17:20:00,23.75
2022-06-09 17:25:00,23.71
2022-06-09 17:30:00,23.73
2022-06-09 17:35:00,23.72
2022-06-09 17:40:00,23.67
2022-06-09 17:45:00,23.61
2022-06-09 17:50:00,23.57
2022-06-09 17:55:00,23.55
2022-06-09 18:00:00,23.53
2022-06-09 18:05:00,23.52
2022-06-09 18:10:00,23.54
2022-06-09 18:15:00,23.5
2022-06-09 18:20:00,23.49
2022-06-09 18:25:00,23.47
2022-06-09 18:30:00,23.46
2022-06-09 18:35:00,23.43
2022-06-09 18:40:00,23.4
2022-06-09 18:45:00,23.34
2022-06-09 18:50:00,23.27
2022-06-09 18:55:00,23.18
2022-06-09 19:00:00,23.13
2022-06-09 19:05:00,23.1
2022-06-09 19:10:00,23.08
2022-06-09 19:15:00,23.05
2022-06-09 19:20:00,23.0
2022-06-09 19:25:00,22.96
2022-06-09 19:30:00,22.95
2022-06-09 19:35:00,22.86
2022-06-09 19:40:00,22.83
2022-06-09 19:45:00,22.81
2022-06-09 19:50:00,22.71
2022-06-09 19:55:00,22.62
2022-06-09 20:00:00,22.59
2022-06-09 20:05:00,22.54
2022-06-09 20:10:00,22.3
2022-06-09 20:15:00,22.07
2022-06-09 20:20:00,21.9
2022-06-09 20:25:00,21.8
2022-06-09 20:30:00,21.73
2022-06-09 20:35:00,21.72
2022-06-09 20:40:00,21.76
2022-06-09 20:45:00,21.73
2022-06-09 20:50:00,21.6
2022-06-09 20:55:00,21.59
2022-06-09 21:00:00,21.55
2022-06-09 21:05:00,21.45
2022-06-09 21:10:00,21.47
2022-06-09 21:15:00,21.38
2022-06-09 21:20:00,21.34
2022-06-09 21:25:00,21.38
2022-06-09 21:30:00,21.41
2022-06-09 21:35:00,21.38
2022-06-09 21:40:00,21.4
2022-06-09 21:45:00,21.45
2022-06-09 21:50:00,21.43
2022-06-09 21:55:00,21.42
2022-06-09 22:00:00,21.46
2022-06-09 22:05:00,21.49
2022-06-09 22:10:00,21.34
2022-06-09 22:15:00,21.17
2022-06-09 22:20:00,21.21
2022-06-09 22:25:00,21.15
2022-06-09 22:30:00,21.14
2022-06-09 22:35:00,21.05
2022-06-09 22:40:00,21.01
2022-06-09 22:45:00,20.98
2022-06-09 22:50:00,20.93
2022-06-09 22:55:00,20.87
2022-06-09 23:00:00,20.8
2022-06-09 23:05:00,20.77
2022-06-09 23:10:00,20.82
2022-06-09 23:15:00,20.87
2022-06-09 23:20:00,20.82
2022-06-09 23:25:00,20.81
2022-06-09 23:30:00,20.84
2022-06-09 23:35:00,20.82
2022-06-09 23:40:00,20.86
2022-06-09 23:45:00,20.88
2022-06-09 23:50:00,20.9
2022-06-09 23:55:00,20.9
2022-06-10 00:00:00,20.9
2022-06-10 00:05:00,20.91
2022-06-10 00:10:00,20.9
2022-06-10 00:15:00,20.95
2022-06-10 00:20:00,21.03
2022-06-10 00:25:00,21.08
2022-06-10 00:30:00,21.04
2022-06-10 00:35:00,21.0
2022-06-10 00:40:00,21.01
2022-06-10 00:45:00,21.07
2022-06-10 00:50:00,21.16
2022-06-10 00:55:00,21.17
2022-06-10 01:00:00,21.12
2022-06-10 01:05:00,21.12
2022-06-10 01:10:00,21.1
2022-06-10 01:15:00,21.1
2022-06-10 01:20:00,21.23
2022-06-10 01:25:00,21.28
2022-06-10 01:30:00,21.26
2022-06-10 01:35:00,21.16
2022-06-10 01:40:00,21.05
2022-06-10 01:45:00,21.07
2022-06-10 01:50:00,21.07
2022-06-10 01:55:00,21.07
2022-06-10 02:00:00,21.02
2022-06-10 02:05:00,21.03
2022-06-10 02:10:00,21.03
2022-06-10 02:15:00,20.88
2022-06-10 02:20:00,20.85
2022-06-10 02:25:00,20.79
2022-06-10 02:30:00,20.76
2022-06-10 02:35:00,20.73
2022-06-10 02:40:00,20.7
2022-06-10 02:45:00,20.71
2022-06-10 02:50:00,20.7
2022-06-10 02:55:00,20.66
2022-06-10 03:00:00,20.6
2022-06-10 03:05:00,20.55
2022-06-10 03:10:00,20.5
2022-06-10 03:15:00,20.48
2022-06-10 03:20:00,20.42
2022-06-10 03:25:00,20.38
2022-06-10 03:30:00,20.32
2022-06-10 03:35:00,20.28
2022-06-10 03:40:00,20.27
2022-06-10 03:45:00,20.22
2022-06-10 03:50:00,20.2
2022-06-10 03:55:00,20.2
2022-06-10 04:00:00,20.24
2022-06-10 04:05:00,20.22
2022-06-10 04:10:00,20.17
2022-06-10 04:15:00,20.21
2022-06-10 04:20:00,20.25
2022-06-10 04:25:00,20.22
2022-06-10 04:30:00,20.23
2022-06-10 04:35:00,20.14
2022-06-10 04:40:00,20.07
2022-06-10 04:45:00,20.05
2022-06-10 04:50:00,19.98
2022-06-10 04:55:00,19.98
2022-06-10 05:00:00,19.87
2022-06-10 05:05:00,19.87
2022-06-10 05:10:00,19.84
2022-06-10 05:15:00,19.87
2022-06-10 05:20:00,19.84
2022-06-10 05:25:00,19.76
2022-06-10 05:30:00,19.77
2022-06-10 05:35:00,19.74
2022-06-10 05:40:00,19.77
2022-06-10 05:45:00,19.78
2022-06-10 05:50:00,19.78
2022-06-10 05:55:00,19.75
2022-06-10 06:00:00,19.71
2022-06-10 06:05:00,19.71
2022-06-10 06:10:00,19.67
2022-06-10 06:15:00,19.56
2022-06-10 06:20:00,19.49
2022-06-10 06:25:00,19.46
2022-06-10 06:30:00,19.54
2022-06-10 06:35:00,19.56
2022-06-10 06:40:00,19.6
2022-06-10 06:45:00,19.62
2022-06-10 06:50:00,19.67
2022-06-10 06:55:00,19.75
2022-06-10 07:00:00,19.8
2022-06-10 07:05:00,20.01
2022-06-10 07:10:00,20.18
2022-06-10 07:15:00,20.2
2022-06-10 07:20:00,20.47
2022-06-10 07:25:00,20.75
2022-06-10 07:30:00,21.12
2022-06-10 07:35:00,21.41
2022-06-10 07:40:00,21.76
2022-06-10 07:45:00,22.19
2022-06-10 07:50:00,22.58
2022-06-10 07:55:00,22.93
2022-06-10 08:00:00,23.25
2022-06-10 08:05:00,23.59
2022-06-10 08:10:00,23.85
2022-06-10 08:15:00,24.02
2022-06-10 08:20:00,24.18
2022-06-10 08:25:00,24.59
2022-06-10 08:30:00,24.72
2022-06-10 08:35:00,24.81
2022-06-10 08:40:00,25.03
2022-06-10 08:45:00,25.27
2022-06-10 08:50:00,25.47
2022-06-10 08:55:00,25.64
2022-06-10 09:00:00,25.67
2022-06-10 09:05:00,25.72
2022-06-10 09:10:00,26.09
2022-06-10 09:15:00,26.23
2022-06-10 09:20:00,26.23
2022-06-10 09:25:00,26.09
2022-06-10 09:30:00,26.26
2022-06-10 09:35:00,26.42
2022-06-10 09:40:00,26.38
2022-06-10 09:45:00,26.65
2022-06-10 09:50:00,26.71
2022-06-10 09:55:00,26.7
2022-06-10 10:00:00,26.98
2022-06-10 10:05:00,27.11
2022-06-10 10:10:00,26.98
2022-06-10 10:15:00,26.93
2022-06-10 10:20:00,27.28
2022-06-10 10:25:00,27.33
2022-06-10 10:30:00,27.55
2022-06-10 10:35:00,27.51
2022-06-10 10:40:00,27.79
2022-06-10 10:45:00,27.83
2022-06-10 10:50:00,27.9
2022-06-10 10:55:00,27.86
2022-06-10 11:00:00,28.17
2022-06-10 11:05:00,28.28
2022-06-10 11:10:00,28.16
2022-06-10 11:15:00,28.4
2022-06-10 11:20:00,28.38
2022-06-10 11:25:00,28.29
2022-06-10 11:30:00,28.37
2022-06-10 11:35:00,28.29
2022-06-10 11:40:00,28.27
2022-06-10 11:45:00,28.5
2022-06-10 11:50:00,28.56
2022-06-10 11:55:00,28.93
2022-06-10 12:00:00,28.87
2022-06-10 12:05:00,28.83
2022-06-10 12:10:00,28.84
2022-06-10 12:15:00,28.71
2022-06-10 12:20:00,28.75
2022-06-10 12:25:00,28.61
2022-06-10 12:30:00,28.72
2022-06-10 12:35:00,29.06
2022-06-10 12:40:00,29.12
2022-06-10 12:45:00,29.23
2022-06-10 12:50:00,28.97
2022-06-10 12:55:00,29.23
2022-06-10 13:00:00,29.14
2022-06-10 13:05:00,29.19
2022-06-10 13:10:00,29.26
2022-06-10 13:15:00,29.0
2022-06-10 13:20:00,29.07
2022-06-10 13:25:00,29.2
2022-06-10 13:30:00,29.4
2022-06-10 13:35:00,29.45
2022-06-10 13:40:00,29.57
2022-06-10 13:45:00,29.33
2022-06-10 13:50:00,29.4
2022-06-10 13:55:00,29.67
2022-06-10 14:00:00,29.79
2022-06-10 14:05:00,29.57
2022-06-10 14:10:00,29.73
2022-06-10 14:15:00,29.75
2022-06-10 14:20:00,29.72
2022-06-10 14:25:00,29.79
2022-06-10 14:30:00,29.72
2022-06-10 14:35:00,29.53
2022-06-10 14:40:00,29.66
2022-06-10 14:45:00,29.91
2022-06-10 14:50:00,30.08
2022-06-10 14:55:00,29.57
2022-06-10 15:00:00,29.71
2022-06-10 15:05:00,29.84
2022-06-10 15:10:00,29.81
2022-06-10 15:15:00,29.66
2022-06-10 15:20:00,29.62
2022-06-10 15:25:00,29.62
2022-06-10 15:30:00,29.71
2022-06-10 15:35:00,29.75
2022-06-10 15:40:00,29.9
2022-06-10 15:45:00,29.6
2022-06-10 15:50:00,29.43
2022-06-10 15:55:00,29.43
2022-06-10 16:00:00,29.02
2022-06-10 16:05:00,28.3
2022-06-10 16:10:00,28.04
2022-06-10 16:15:00,28.07
2022-06-10 16:20:00,27.52
2022-06-10 16:25:00,27.37
2022-06-10 16:30:00,27.21
2022-06-10 16:35:00,26.84
2022-06-10 16:40:00,26.52
2022-06-10 16:45:00,26.29
2022-06-10 16:50:00,26.13
2022-06-10 16:55:00,26.04
2022-06-10 17:00:00,25.92
2022-06-10 17:05:00,25.82
2022-06-10 17:10:00,25.78
2022-06-10 17:15:00,25.72
2022-06-10 17:20:00,25.69
2022-06-10 17:25:00,25.69
2022-06-10 17:30:00,25.68
2022-06-10 17:35:00,25.65
2022-06-10 17:40:00,25.61
2022-06-10 17:45:00,25.62
2022-06-10 17:50:00,25.64
2022-06-10 17:55:00,25.67
2022-06-10 18:00:00,25.74
2022-06-10 18:05:00,25.83
2022-06-10 18:10:00,25.85
2022-06-10 18:15:00,25.88
2022-06-10 18:20:00,25.78
2022-06-10 18:25:00,25.74
2022-06-10 18:30:00,25.7
2022-06-10 18:35:00,25.6
2022-06-10 18:40:00,25.52
2022-06-10 18:45:00,25.49
2022-06-10 18:50:00,25.41
2022-06-10 18:55:00,25.37
2022-06-10 19:00:00,25.3
2022-06-10 19:05:00,25.18
2022-06-10 19:10:00,25.19
2022-06-10 19:15:00,25.14
2022-06-10 19:20:00,25.01
2022-06-10 19:25:00,24.92
2022-06-10 19:30:00,24.83
2022-06-10 19:35:00,24.7
2022-06-10 19:40:00,24.62
2022-06-10 19:45:00,24.47
2022-06-10 19:50:00,24.37
2022-06-10 19:55:00,24.33
2022-06-10 20:00:00,24.21
2022-06-10 20:05:00,24.16
2022-06-10 20:10:00,24.07
2022-06-10 20:15:00,24.11
2022-06-10 20:20:00,24.09
2022-06-10 20:25:00,24.02
2022-06-10 20:30:00,23.92
2022-06-10 20:35:00,23.84
2022-06-10 20:40:00,23.73
2022-06-10 20:45:00,23.69
2022-06-10 20:50:00,23.67
2022-06-10 20:55:00,23.63
2022-06-10 21:00:00,23.6
2022-06-10 21:05:00,23.47
2022-06-10 21:10:00,23.28
2022-06-10 21:15:00,23.15
2022-06-10 21:20:00,23.01
2022-06-10 21:25:00,22.89
2022-06-10 21:30:00,22.81
2022-06-10 21:35:00,22.75
2022-06-10 21:40:00,22.66
2022-06-10 21:45:00,22.62
2022-06-10 21:50:00,22.56
2022-06-10 21:55:00,22.56
2022-06-10 22:00:00,22.58
2022-06-10 22:05:00,22.55
2022-06-10 22:10:00,22.52
2022-06-10 22:15:00,22.5
2022-06-10 22:20:00,22.53
2022-06-10 22:25:00,22.49
2022-06-10 22:30:00,22.43
2022-06-10 22:35:00,22.36
2022-06-10 22:40:00,22.31
2022-06-10 22:45:00,22.23
2022-06-10 22:50:00,22.18
2022-06-10 22:55:00,22.16
2022-06-10 23:00:00,22.09
2022-06-10 23:05:00,22.02
2022-06-10 23:10:00,21.94
2022-06-10 23:15:00,21.87
2022-06-10 23:20:00,21.82
2022-06-10 23:25:00,21.76
2022-06-10 23:30:00,21.75
2022-06-10 23:35:00,21.7
2022-06-10 23:40:00,21.62
2022-06-10 23:45:00,21.56
2022-06-10 23:50:00,21.49
2022-06-10 23:55:00,21.47
2022-06-11 00:00:00,21.36
2022-06-11 00:05:00,21.24
2022-06-11 00:10:00,21.21
2022-06-11 00:15:00,21.19
2022-06-11 00:20:00,21.13
2022-06-11 00:25:00,20.99
2022-06-11 00:30:00,20.98
2022-06-11 00:35:00,20.99
2022-06-11 00:40:00,21.16
2022-06-11 00:45:00,21.62
2022-06-11 00:50:00,21.97
2022-06-11 00:55:00,22.18
2022-06-11 01:00:00,22.19
2022-06-11 01:05:00,22.2
2022-06-11 01:10:00,22.19
2022-06-11 01:15:00,22.09
2022-06-11 01:20:00,22.05
2022-06-11 01:25:00,22.06
2022-06-11 01:30:00,22.03
2022-06-11 01:35:00,22.07
2022-06-11 01:40:00,22.15
2022-06-11 01:45:00,22.25
2022-06-11 01:50:00,22.36
2022-06-11 01:55:00,22.34
2022-06-11 02:00:00,22.32
2022-06-11 02:05:00,22.12
2022-06-11 02:10:00,21.87
2022-06-11 02:15:00,21.87
2022-06-11 02:20:00,21.75
2022-06-11 02:25:00,21.75
2022-06-11 02:30:00,21.76
2022-06-11 02:35:00,21.7
2022-06-11 02:40:00,21.65
2022-06-11 02:45:00,21.7
2022-06-11 02:50:00,21.94
2022-06-11 02:55:00,22.36
2022-06-11 03:00:00,22.92
2022-06-11 03:05:00,23.12
2022-06-11 03:10:00,23.13
2022-06-11 03:15:00,23.11
2022-06-11 03:20:00,23.08
2022-06-11 03:25:00,23.04
2022-06-11 03:30:00,22.99
2022-06-11 03:35:00,22.94
2022-06-11 03:40:00,22.92
2022-06-11 03:45:00,22.88
2022-06-11 03:50:00,22.88
2022-06-11 03:55:00,22.99
2022-06-11 04:00:00,23.05
2022-06-11 04:05:00,23.07
2022-06-11 04:10:00,23.13
2022-06-11 04:15:00,23.09
2022-06-11 04:20:00,23.04
2022-06-11 04:25:00,23.0
2022-06-11 04:30:00,22.99
2022-06-11 04:35:00,22.98
2022-06-11 04:40:00,22.99
2022-06-11 04:45:00,22.98
2022-06-11 04:50:00,22.97
2022-06-11 04:55:00,22.93
2022-06-11 05:00:00,22.87
2022-06-11 05:05:00,22.83
2022-06-11 05:10:00,22.84
2022-06-11 05:15:00,22.81
2022-06-11 05:20:00,22.78
2022-06-11 05:25:00,22.72
2022-06-11 05:30:00,22.69
2022-06-11 05:35:00,22.7
2022-06-11 05:40:00,22.69
2022-06-11 05:45:00,22.69
2022-06-11 05:50:00,22.66
2022-06-11 05:55:00,22.66
2022-06-11 06:00:00,22.67
2022-06-11 06:05:00,22.7
2022-06-11 06:10:00,22.72
2022-06-11 06:15:00,22.71
2022-06-11 06:20:00,22.68
2022-06-11 06:25:00,22.63
2022-06-11 06:30:00,22.63
2022-06-11 06:35:00,22.66
2022-06-11 06:40:00,22.66
2022-06-11 06:45:00,22.7
2022-06-11 06:50:00,22.74
2022-06-11 06:55:00,22.79
2022-06-11 07:00:00,22.81
2022-06-11 07:05:00,22.83
2022-06-11 07:10:00,22.84
2022-06-11 07:15:00,22.82
2022-06-11 07:20:00,22.8
2022-06-11 07:25:00,22.8
2022-06-11 07:30:00,22.8
2022-06-11 07:35:00,22.8
2022-06-11 07:40:00,22.87
2022-06-11 07:45:00,22.88
2022-06-11 07:50:00,22.87
2022-06-11 07:55:00,22.91
2022-06-11 08:00:00,22.95
2022-06-11 08:05:00,23.0
2022-06-11 08:10:00,23.07
2022-06-11 08:15:00,23.11
2022-06-11 08:20:00,23.14
2022-06-11 08:25:00,23.1
2022-06-11 08:30:00,23.07
2022-06-11 08:35:00,22.97
2022-06-11 08:40:00,22.97
2022-06-11 08:45:00,23.02
2022-06-11 08:50:00,23.07
2022-06-11 08:55:00,23.21
2022-06-11 09:00:00,23.32
2022-06-11 09:05:00,23.37
2022-06-11 09:10:00,23.43
2022-06-11 09:15:00,23.57
2022-06-11 09:20:00,23.57
2022-06-11 09:25:00,23.51
2022-06-11 09:30:00,23.54
2022-06-11 09:35:00,23.61
2022-06-11 09:40:00,23.72
2022-06-11 09:45:00,23.71
2022-06-11 09:50:00,23.79
2022-06-11 09:55:00,23.88
2022-06-11 10:00:00,23.95
2022-06-11 10:05:00,24.1
2022-06-11 10:10:00,24.14
2022-06-11 10:15:00,24.14
2022-06-11 10:20:00,24.26
2022-06-11 10:25:00,24.45
2022-06-11 10:30:00,24.63
2022-06-11 10:35:00,24.83
2022-06-11 10:40:00,25.13
2022-06-11 10:45:00,25.22
2022-06-11 10:50:00,25.08
2022-06-11 10:55:00,25.07
2022-06-11 11:00:00,25.21
2022-06-11 11:05:00,25.12
2022-06-11 11:10:00,25.28
2022-06-11 11:15:00,25.18
2022-06-11 11:20:00,24.81
2022-06-11 11:25:00,24.85
2022-06-11 11:30:00,24.77
2022-06-11 11:35:00,24.69
2022-06-11 11:40:00,24.92
2022-06-11 11:45:00,24.88
2022-06-11 11:50:00,24.94
2022-06-11 11:55:00,24.79
2022-06-11 12:00:00,24.76
2022-06-11 12:05:00,24.78
2022-06-11 12:10:00,25.0
2022-06-11 12:15:00,24.89
2022-06-11 12:20:00,24.87
2022-06-11 12:25:00,24.83
2022-06-11 12:30:00,24.95
2022-06-11 12:35:00,25.08
2022-06-11 12:40:00,25.19
2022-06-11 12:45:00,25.02
2022-06-11 12:50:00,24.93
2022-06-11 12:55:00,24.82
2022-06-11 13:00:00,24.91
2022-06-11 13:05:00,25.08
2022-06-11 13:10:00,24.99
2022-06-11 13:15:00,24.79
2022-06-11 13:20:00,24.8
2022-06-11 13:25:00,24.75
2022-06-11 13:30:00,24.74
2022-06-11 13:35:00,24.8
2022-06-11 13:40:00,24.68
2022-06-11 13:45:00,24.67
2022-06-11 13:50:00,24.71
2022-06-11 13:55:00,24.71
2022-06-11 14:00:00,24.83
2022-06-11 14:05:00,24.88
2022-06-11 14:10:00,24.95
2022-06-11 14:15:00,24.9
2022-06-11 14:20:00,24.74
2022-06-11 14:25:00,24.68
2022-06-11 14:30:00,24.57
2022-06-11 14:35:00,24.46
2022-06-11 14:40:00,24.38
2022-06-11 14:45:00,24.37
2022-06-11 14:50:00,24.39
2022-06-11 14:55:00,24.4
2022-06-11 15:00:00,24.32
2022-06-11 15:05:00,24.2
2022-06-11 15:10:00,24.18
2022-06-11 15:15:00,24.23
2022-06-11 15:20:00,24.18
2022-06-11 15:25:00,23.97
2022-06-11 15:30:00,24.01
2022-06-11 15:35:00,24.09
2022-06-11 15:40:00,24.33
2022-06-11 15:45:00,24.26
2022-06-11 15:50:00,23.93
2022-06-11 15:55:00,23.77
2022-06-11 16:00:00,23.77
2022-06-11 16:05:00,23.72
2022-06-11 16:10:00,23.53
2022-06-11 16:15:00,23.55
2022-06-11 16:20:00,23.28
2022-06-11 16:25:00,23.09
2022-06-11 16:30:00,22.96
2022-06-11 16:35:00,22.84
2022-06-11 16:40:00,22.78
2022-06-11 16:45:00,22.7
2022-06-11 16:50:00,22.65
2022-06-11 16:55:00,22.64
2022-06-11 17:00:00,22.64
2022-06-11 17:05:00,22.62
2022-06-11 17:10:00,22.59
2022-06-11 17:15:00,22.56
2022-06-11 17:20:00,22.58
2022-06-11 17:25:00,22.57
2022-06-11 17:30:00,22.54
2022-06-11 17:35:00,22.5
2022-06-11 17:40:00,22.45
2022-06-11 17:45:00,22.44
2022-06-11 17:50:00,22.38
2022-06-11 17:55:00,22.33
2022-06-11 18:00:00,22.31
2022-06-11 18:05:00,22.29
2022-06-11 18:10:00,22.29
2022-06-11 18:15:00,22.3
2022-06-11 18:20:00,22.23
2022-06-11 18:25:00,22.17
2022-06-11 18:30:00,22.05
2022-06-11 18:35:00,21.91
2022-06-11 18:40:00,21.81
2022-06-11 18:45:00,21.79
2022-06-11 18:50:00,21.81
2022-06-11 18:55:00,21.81
2022-06-11 19:00:00,21.79
2022-06-11 19:05:00,21.79
2022-06-11 19:10:00,21.78
2022-06-11 19:15:00,21.79
2022-06-11 19:20:00,21.82
2022-06-11 19:25:00,21.86
2022-06-11 19:30:00,21.89
2022-06-11 19:35:00,21.87
2022-06-11 19:40:00,21.89
2022-06-11 19:45:00,21.95
2022-06-11 19:50:00,21.96
2022-06-11 19:55:00,21.92
2022-06-11 20:00:00,21.9
2022-06-11 20:05:00,21.87
2022-06-11 20:10:00,21.9
2022-06-11 20:15:00,21.86
2022-06-11 20:20:00,21.84
2022-06-11 20:25:00,21.85
2022-06-11 20:30:00,21.85
2022-06-11 20:35:00,21.86
2022-06-11 20:40:00,21.84
2022-06-11 20:45:00,21.85
2022-06-11 20:50:00,21.86
2022-06-11 20:55:00,21.91
2022-06-11 21:00:00,21.87
2022-06-11 21:05:00,21.88
2022-06-11 21:10:00,21.91
2022-06-11 21:15:00,21.92
2022-06-11 21:20:00,21.9
2022-06-11 21:25:00,21.89
2022-06-11 21:30:00,21.89
2022-06-11 21:35:00,21.86
2022-06-11 21:40:00,21.85
2022-06-11 21:45:00,21.93
2022-06-11 21:50:00,21.95
2022-06-11 21:55:00,21.95
2022-06-11 22:00:00,21.89
2022-06-11 22:05:00,21.88
2022-06-11 22:10:00,21.92
2022-06-11 22:15:00,21.94
2022-06-11 22:20:00,21.93
2022-06-11 22:25:00,21.95
2022-06-11 22:30:00,21.93
2022-06-11 22:35:00,21.88
2022-06-11 22:40:00,21.83
2022-06-11 22:45:00,21.8
2022-06-11 22:50:00,21.8
2022-06-11 22:55:00,21.85
2022-06-11 23:00:00,21.82
2022-06-11 23:05:00,21.87
2022-06-11 23:10:00,21.84
2022-06-11 23:15:00,21.79
2022-06-11 23:20:00,21.69
2022-06-11 23:25:00,21.65
2022-06-11 23:30:00,21.72
2022-06-11 23:35:00,21.76
2022-06-11 23:40:00,21.71
2022-06-11 23:45:00,21.6
2022-06-11 23:50:00,21.61
2022-06-11 23:55:00,21.6
2022-06-12 00:00:00,21.65
2022-06-12 00:05:00,21.72
2022-06-12 00:10:00,21.74
2022-06-12 00:15:00,21.7
2022-06-12 00:20:00,21.66
2022-06-12 00:25:00,21.68
2022-06-12 00:30:00,21.64
2022-06-12 00:35:00,21.69
2022-06-12 00:40:00,21.7
2022-06-12 00:45:00,21.69
2022-06-12 00:50:00,21.69
2022-06-12 00:55:00,21.67
2022-06-12 01:00:00,21.68
2022-06-12 01:05:00,21.69
2022-06-12 01:10:00,21.73
2022-06-12 01:15:00,21.75
2022-06-12 01:20:00,21.76
2022-06-12 01:25:00,21.78
2022-06-12 01:30:00,21.77
2022-06-12 01:35:00,21.75
2022-06-12 01:40:00,21.72
2022-06-12 01:45:00,21.65
2022-06-12 01:50:00,21.66
2022-06-12 01:55:00,21.69
2022-06-12 02:00:00,21.54
2022-06-12 02:05:00,21.54
2022-06-12 02:10:00,21.58
2022-06-12 02:15:00,21.63
2022-06-12 02:20:00,21.63
2022-06-12 02:25:00,21.63
2022-06-12 02:30:00,21.65
2022-06-12 02:35:00,21.63
2022-06-12 02:40:00,21.64
2022-06-12 02:45:00,21.66
2022-06-12 02:50:00,21.63
2022-06-12 02:55:00,21.62
2022-06-12 03:00:00,21.62
2022-06-12 03:05:00,21.61
2022-06-12 03:10:00,21.62
2022-06-12 03:15:00,21.61
2022-06-12 03:20:00,21.6
2022-06-12 03:25:00,21.6
2022-06-12 03:30:00,21.58
2022-06-12 03:35:00,21.6
2022-06-12 03:40:00,21.58
2022-06-12 03:45:00,21.55
2022-06-12 03:50:00,21.54
2022-06-12 03:55:00,21.56
2022-06-12 04:00:00,21.5
2022-06-12 04:05:00,21.48
2022-06-12 04:10:00,21.51
2022-06-12 04:15:00,21.45
2022-06-12 04:20:00,21.3
2022-06-12 04:25:00,21.24
2022-06-12 04:30:00,21.25
2022-06-12 04:35:00,21.23
2022-06-12 04:40:00,21.23
2022-06-12 04:45:00,21.24
2022-06-12 04:50:00,21.23
2022-06-12 04:55:00,21.23
2022-06-12 05:00:00,21.28
2022-06-12 05:05:00,21.3
2022-06-12 05:10:00,21.26
2022-06-12 05:15:00,21.27
2022-06-12 05:20:00,21.26
2022-06-12 05:25:00,21.26
2022-06-12 05:30:00,21.16
2022-06-12 05:35:00,21.17
2022-06-12 05:40:00,21.2
2022-06-12 05:45:00,21.18
2022-06-12 05:50:00,21.15
2022-06-12 05:55:00,21.23
2022-06-12 06:00:00,21.24
2022-06-12 06:05:00,21.19
2022-06-12 06:10:00,21.13
2022-06-12 06:15:00,21.11
2022-06-12 06:20:00,21.11
2022-06-12 06:25:00,21.08
2022-06-12 06:30:00,21.07
2022-06-12 06:35:00,21.08
2022-06-12 06:40:00,21.08
2022-06-12 06:45:00,21.12
2022-06-12 06:50:00,21.13
2022-06-12 06:55:00,21.16
2022-06-12 07:00:00,21.09
2022-06-12 07:05:00,21.1
2022-06-12 07:10:00,21.13
2022-06-12 07:15:00,21.17
2022-06-12 07:20:00,21.21
2022-06-12 07:25:00,21.29
2022-06-12 07:30:00,21.35
2022-06-12 07:35:00,21.46
2022-06-12 07:40:00,21.59
2022-06-12 07:45:00,21.63
2022-06-12 07:50:00,21.67
2022-06-12 07:55:00,21.85
2022-06-12 08:00:00,21.89
2022-06-12 08:05:00,21.9
2022-06-12 08:10:00,21.96
2022-06-12 08:15:00,22.07
2022-06-12 08:20:00,21.96
2022-06-12 08:25:00,22.08
2022-06-12 08:30:00,22.2
2022-06-12 08:35:00,22.22
2022-06-12 08:40:00,22.27
2022-06-12 08:45:00,22.37
2022-06-12 08:50:00,22.37
2022-06-12 08:55:00,22.49
2022-06-12 09:00:00,22.49
2022-06-12 09:05:00,22.52
2022-06-12 09:10:00,22.59
2022-06-12 09:15:00,22.62
2022-06-12 09:20:00,22.6
2022-06-12 09:25:00,22.6
2022-06-12 09:30:00,22.65
2022-06-12 09:35:00,22.73
2022-06-12 09:40:00,22.83
2022-06-12 09:45:00,22.86
2022-06-12 09:50:00,22.75
2022-06-12 09:55:00,22.87
2022-06-12 10:00:00,22.88
2022-06-12 10:05:00,22.95
2022-06-12 10:10:00,23.07
2022-06-12 10:15:00,23.21
2022-06-12 10:20:00,23.44
2022-06-12 10:25:00,23.43
2022-06-12 10:30:00,23.49
2022-06-12 10:35:00,23.68
2022-06-12 10:40:00,23.66
2022-06-12 10:45:00,23.83
2022-06-12 10:50:00,23.98
2022-06-12 10:55:00,23.86
2022-06-12 11:00:00,24.13
2022-06-12 11:05:00,24.35
2022-06-12 11:10:00,24.57
2022-06-12 11:15:00,24.44
2022-06-12 11:20:00,24.6
2022-06-12 11:25:00,24.83
2022-06-12 11:30:00,24.57
2022-06-12 11:35:00,23.94
2022-06-12 11:40:00,23.88
2022-06-12 11:45:00,23.6
2022-06-12 11:50:00,23.66
2022-06-12 11:55:00,23.65
2022-06-12 12:00:00,23.6
2022-06-12 12:05:00,23.78
2022-06-12 12:10:00,24.0
2022-06-12 12:15:00,24.24
2022-06-12 12:20:00,24.11
2022-06-12 12:25:00,24.18
2022-06-12 12:30:00,24.29
2022-06-12 12:35:00,24.32
2022-06-12 12:40:00,24.15
2022-06-12 12:45:00,23.92
2022-06-12 12:50:00,23.72
2022-06-12 12:55:00,23.44
2022-06-12 13:00:00,23.64
2022-06-12 13:05:00,23.48
2022-06-12 13:10:00,23.11
2022-06-12 13:15:00,23.16
2022-06-12 13:20:00,23.16
2022-06-12 13:25:00,23.36
2022-06-12 13:30:00,23.65
2022-06-12 13:35:00,23.49
2022-06-12 13:40:00,23.15
2022-06-12 13:45:00,23.2
2022-06-12 13:50:00,23.43
2022-06-12 13:55:00,23.56
2022-06-12 14:00:00,23.26
2022-06-12 14:05:00,23.3
2022-06-12 14:10:00,23.35
2022-06-12 14:15:00,23.38
2022-06-12 14:20:00,23.7
2022-06-12 14:25:00,23.35
2022-06-12 14:30:00,23.22
2022-06-12 14:35:00,23.1
2022-06-12 14:40:00,23.19
2022-06-12 14:45:00,23.22
2022-06-12 14:50:00,23.18
2022-06-12 14:55:00,23.08
2022-06-12 15:00:00,22.89
2022-06-12 15:05:00,22.9
2022-06-12 15:10:00,23.03
2022-06-12 15:15:00,22.92
2022-06-12 15:20:00,22.96
2022-06-12 15:25:00,22.96
2022-06-12 15:30:00,22.89
2022-06-12 15:35:00,22.86
2022-06-12 15:40:00,22.86
2022-06-12 15:45:00,22.85
2022-06-12 15:50:00,22.87
2022-06-12 15:55:00,22.81
2022-06-12 16:00:00,22.82
2022-06-12 16:05:00,22.78
2022-06-12 16:10:00,22.81
2022-06-12 16:15:00,22.83
2022-06-12 16:20:00,22.69
2022-06-12 16:25:00,22.6
2022-06-12 16:30:00,22.59
2022-06-12 16:35:00,22.6
2022-06-12 16:40:00,22.52
2022-06-12 16:45:00,22.49
2022-06-12 16:50:00,22.48
2022-06-12 16:55:00,22.46
2022-06-12 17:00:00,22.41
2022-06-12 17:05:00,22.37
2022-06-12 17:10:00,22.34
2022-06-12 17:15:00,22.31
2022-06-12 17:20:00,22.31
2022-06-12 17:25:00,22.31
2022-06-12 17:30:00,22.29
2022-06-12 17:35:00,22.24
2022-06-12 17:40:00,22.23
2022-06-12 17:45:00,22.16
2022-06-12 17:50:00,22.15
2022-06-12 17:55:00,22.13
2022-06-12 18:00:00,22.12
2022-06-12 18:05:00,22.07
2022-06-12 18:10:00,22.06
2022-06-12 18:15:00,22.05
2022-06-12 18:20:00,22.05
2022-06-12 18:25:00,22.03
2022-06-12 18:30:00,22.02
2022-06-12 18:35:00,22.02
2022-06-12 18:40:00,22.0
2022-06-12 18:45:00,21.99
2022-06-12 18:50:00,21.99
2022-06-12 18:55:00,21.97
2022-06-12 19:00:00,21.91
2022-06-12 19:05:00,21.89
2022-06-12 19:10:00,21.85
2022-06-12 19:15:00,21.73
2022-06-12 19:20:00,21.66
2022-06-12 19:25:00,21.56
2022-06-12 19:30:00,21.47
2022-06-12 19:35:00,21.41
2022-06-12 19:40:00,21.36
2022-06-12 19:45:00,21.36
2022-06-12 19:50:00,21.33
2022-06-12 19:55:00,21.29
2022-06-12 20:00:00,21.3
2022-06-12 20:05:00,21.34
2022-06-12 20:10:00,21.37
2022-06-12 20:15:00,21.37
2022-06-12 20:20:00,21.38
2022-06-12 20:25:00,21.38
2022-06-12 20:30:00,21.35
2022-06-12 20:35:00,21.35
2022-06-12 20:40:00,21.36
2022-06-12 20:45:00,21.34
2022-06-12 20:50:00,21.31
2022-06-12 20:55:00,21.29
2022-06-12 21:00:00,21.29
2022-06-12 21:05:00,21.33
2022-06-12 21:10:00,21.36
2022-06-12 21:15:00,21.42
2022-06-12 21:20:00,21.44
2022-06-12 21:25:00,21.48
2022-06-12 21:30:00,21.5
2022-06-12 21:35:00,21.56
2022-06-12 21:40:00,21.63
2022-06-12 21:45:00,21.66
2022-06-12 21:50:00,21.72
2022-06-12 21:55:00,21.83
2022-06-12 22:00:00,21.86
2022-06-12 22:05:00,21.87
2022-06-12 22:10:00,21.92
2022-06-12 22:15:00,21.95
2022-06-12 22:20:00,21.93
2022-06-12 22:25:00,21.93
2022-06-12 22:30:00,21.93
2022-06-12 22:35:00,21.89
2022-06-12 22:40:00,21.84
2022-06-12 22:45:00,21.78
2022-06-12 22:50:00,21.58
2022-06-12 22:55:00,21.5
2022-06-12 23:00:00,21.46
2022-06-12 23:05:00,21.3
2022-06-12 23:10:00,21.03
2022-06-12 23:15:00,20.93
2022-06-12 23:20:00,21.0
2022-06-12 23:25:00,21.06
2022-06-12 23:30:00,21.13
2022-06-12 23:35:00,21.16
2022-06-12 23:40:00,21.16
2022-06-12 23:45:00,21.08
2022-06-12 23:50:00,20.95
2022-06-12 23:55:00,20.81
2022-06-13 00:00:00,20.7
2022-06-13 00:05:00,20.63
2022-06-13 00:10:00,20.6
2022-06-13 00:15:00,20.62
2022-06-13 00:20:00,20.68
2022-06-13 00:25:00,20.79
2022-06-13 00:30:00,20.86
2022-06-13 00:35:00,20.87
2022-06-13 00:40:00,20.88
2022-06-13 00:45:00,20.88
2022-06-13 00:50:00,20.91
2022-06-13 00:55:00,20.92
2022-06-13 01:00:00,20.97
2022-06-13 01:05:00,20.99
2022-06-13 01:10:00,20.98
2022-06-13 01:15:00,20.99
2022-06-13 01:20:00,21.03
2022-06-13 01:25:00,21.04
2022-06-13 01:30:00,21.06
2022-06-13 01:35:00,21.05
2022-06-13 01:40:00,21.02
2022-06-13 01:45:00,21.01
2022-06-13 01:50:00,20.99
2022-06-13 01:55:00,20.99
2022-06-13 02:00:00,20.97
2022-06-13 02:05:00,20.94
2022-06-13 02:10:00,20.93
2022-06-13 02:15:00,20.92
2022-06-13 02:20:00,20.91
2022-06-13 02:25:00,20.91
2022-06-13 02:30:00,20.89
2022-06-13 02:35:00,20.89
2022-06-13 02:40:00,20.9
2022-06-13 02:45:00,20.9
2022-06-13 02:50:00,20.89
2022-06-13 02:55:00,20.86
2022-06-13 03:00:00,20.86
2022-06-13 03:05:00,20.84
2022-06-13 03:10:00,20.81
2022-06-13 03:15:00,20.8
2022-06-13 03:20:00,20.78
2022-06-13 03:25:00,20.76
2022-06-13 03:30:00,20.7
2022-06-13 03:35:00,20.64
2022-06-13 03:40:00,20.6
2022-06-13 03:45:00,20.56
2022-06-13 03:50:00,20.52
2022-06-13 03:55:00,20.47
2022-06-13 04:00:00,20.47
2022-06-13 04:05:00,20.45
2022-06-13 04:10:00,20.43
2022-06-13 04:15:00,20.43
2022-06-13 04:20:00,20.41
2022-06-13 04:25:00,20.41
2022-06-13 04:30:00,20.38
2022-06-13 04:35:00,20.37
2022-06-13 04:40:00,20.35
2022-06-13 04:45:00,20.35
2022-06-13 04:50:00,20.35
2022-06-13 04:55:00,20.34
2022-06-13 05:00:00,20.29
2022-06-13 05:05:00,20.23
2022-06-13 05:10:00,20.19
2022-06-13 05:15:00,20.18
2022-06-13 05:20:00,20.17
2022-06-13 05:25:00,20.14
2022-06-13 05:30:00,20.13
2022-06-13 05:35:00,20.13
2022-06-13 05:40:00,20.13
2022-06-13 05:45:00,20.09
2022-06-13 05:50:00,20.07
2022-06-13 05:55:00,20.09
2022-06-13 06:00:00,20.11
2022-06-13 06:05:00,20.1
2022-06-13 06:10:00,20.11
2022-06-13 06:15:00,20.07
2022-06-13 06:20:00,20.07
2022-06-13 06:25:00,20.07
2022-06-13 06:30:00,20.13
2022-06-13 06:35:00,20.13
2022-06-13 06:40:00,20.14
2022-06-13 06:45:00,20.17
2022-06-13 06:50:00,20.17
2022-06-13 06:55:00,20.18
2022-06-13 07:00:00,20.21
2022-06-13 07:05:00,20.18
2022-06-13 07:10:00,20.18
2022-06-13 07:15:00,20.18
2022-06-13 07:20:00,20.18
2022-06-13 07:25:00,20.17
2022-06-13 07:30:00,20.15
2022-06-13 07:35:00,20.18
2022-06-13 07:40:00,20.18
2022-06-13 07:45:00,20.19
2022-06-13 07:50:00,20.2
2022-06-13 07:55:00,20.21
2022-06-13 08:00:00,20.22
2022-06-13 08:05:00,20.21
2022-06-13 08:10:00,20.21
2022-06-13 08:15:00,20.24
2022-06-13 08:20:00,20.31
2022-06-13 08:25:00,20.34
2022-06-13 08:30:00,20.4
2022-06-13 08:35:00,20.4
2022-06-13 08:40:00,20.38
2022-06-13 08:45:00,20.33
2022-06-13 08:50:00,20.32
2022-06-13 08:55:00,20.29
2022-06-13 09:00:00,20.27
2022-06-13 09:05:00,20.29
2022-06-13 09:10:00,20.33
2022-06-13 09:15:00,20.44
2022-06-13 09:20:00,20.59
2022-06-13 09:25:00,20.6
2022-06-13 09:30:00,20.63
2022-06-13 09:35:00,20.81
2022-06-13 09:40:00,21.01
2022-06-13 09:45:00,20.95
2022-06-13 09:50:00,21.04
2022-06-13 09:55:00,21.18
2022-06-13 10:00:00,21.55
2022-06-13 10:05:00,21.48
2022-06-13 10:10:00,21.52
2022-06-13 10:15:00,21.64
2022-06-13 10:20:00,21.96
2022-06-13 10:25:00,22.22
2022-06-13 10:30:00,22.05
2022-06-13 10:35:00,22.14
2022-06-13 10:40:00,22.51
2022-06-13 10:45:00,22.59
2022-06-13 10:50:00,22.45
2022-06-13 10:55:00,22.38
2022-06-13 11:00:00,22.5
2022-06-13 11:05:00,22.29
2022-06-13 11:10:00,22.25
2022-06-13 11:15:00,22.67
2022-06-13 11:20:00,22.82
2022-06-13 11:25:00,22.89
2022-06-13 11:30:00,22.72
2022-06-13 11:35:00,22.75
2022-06-13 11:40:00,22.75
2022-06-13 11:45:00,22.8
2022-06-13 11:50:00,23.01
2022-06-13 11:55:00,23.09
2022-06-13 12:00:00,23.04
2022-06-13 12:05:00,23.33
2022-06-13 12:10:00,23.77
2022-06-13 12:15:00,23.94
2022-06-13 12:20:00,23.73
2022-06-13 12:25:00,23.43
2022-06-13 12:30:00,23.49
2022-06-13 12:35:00,23.94
2022-06-13 12:40:00,23.67
2022-06-13 12:45:00,23.93
2022-06-13 12:50:00,23.47
2022-06-13 12:55:00,23.38
2022-06-13 13:00:00,23.54
2022-06-13 13:05:00,23.15
2022-06-13 13:10:00,23.38
2022-06-13 13:15:00,23.38
2022-06-13 13:20:00,23.34
2022-06-13 13:25:00,23.33
2022-06-13 13:30:00,23.42
2022-06-13 13:35:00,23.2
2022-06-13 13:40:00,23.2
2022-06-13 13:45:00,23.25
2022-06-13 13:50:00,23.24
2022-06-13 13:55:00,23.21
2022-06-13 14:00:00,23.06
2022-06-13 14:05:00,23.15
2022-06-13 14:10:00,23.37
2022-06-13 14:15:00,22.99
2022-06-13 14:20:00,22.81
2022-06-13 14:25:00,22.61
2022-06-13 14:30:00,22.46
2022-06-13 14:35:00,22.65
2022-06-13 14:40:00,22.78
2022-06-13 14:45:00,22.87
2022-06-13 14:50:00,23.03
2022-06-13 14:55:00,22.88
2022-06-13 15:00:00,22.68
2022-06-13 15:05:00,22.49
2022-06-13 15:10:00,22.91
2022-06-13 15:15:00,23.02
2022-06-13 15:20:00,22.92
2022-06-13 15:25:00,22.64
2022-06-13 15:30:00,22.93
2022-06-13 15:35:00,22.97
2022-06-13 15:40:00,22.89
2022-06-13 15:45:00,23.03
2022-06-13 15:50:00,23.09
2022-06-13 15:55:00,23.11
2022-06-13 16:00:00,22.79
2022-06-13 16:05:00,22.74
2022-06-13 16:10:00,22.83
2022-06-13 16:15:00,22.87
2022-06-13 16:20:00,22.69
2022-06-13 16:25:00,22.67
2022-06-13 16:30:00,22.65
2022-06-13 16:35:00,22.62
2022-06-13 16:40:00,22.62
2022-06-13 16:45:00,22.56
2022-06-13 16:50:00,22.48
2022-06-13 16:55:00,22.42
2022-06-13 17:00:00,22.3
2022-06-13 17:05:00,22.23
2022-06-13 17:10:00,22.22
2022-06-13 17:15:00,22.19
2022-06-13 17:20:00,22.16
2022-06-13 17:25:00,22.18
2022-06-13 17:30:00,22.18
2022-06-13 17:35:00,22.09
2022-06-13 17:40:00,22.09
2022-06-13 17:45:00,22.0
2022-06-13 17:50:00,21.86
2022-06-13 17:55:00,21.89
2022-06-13 18:00:00,21.86
2022-06-13 18:05:00,21.76
2022-06-13 18:10:00,21.68
2022-06-13 18:15:00,21.65
2022-06-13 18:20:00,21.57
2022-06-13 18:25:00,21.59
